molecule,method,cycle,E,dE,comm
uf4,CDIIS,0,-389.61596172383486,,0.3913801037220485
uf4,CDIIS,1,-424.66387952570415,35.04791780186929,0.31728699508552527
uf4,CDIIS,2,-425.5804375533811,0.916558027676956,0.31587164932217304
uf4,CDIIS,3,-425.49618007195807,0.08425748142303746,0.3161094812977206
uf4,CDIIS,4,-417.1694840173453,8.32669605461274,0.3129123632372323
uf4,CDIIS,5,-444.7373382236152,27.567854206269885,0.18620889915046757
uf4,CDIIS,6,-448.5125464932413,3.7752082696260914,0.11284305629485537
uf4,CDIIS,7,-450.0942585770523,1.5817120838109986,0.06716413692115217
uf4,CDIIS,8,-450.9279043255824,0.8336457485301025,0.03010058669412029
uf4,CDIIS,9,-451.19860343949665,0.2706991139142474,0.00669039805609738
uf4,CDIIS,10,-451.21504525481134,0.016441815314692576,0.0023541937982806773
uf4,CDIIS,11,-451.2169216262406,0.0018763714292617806,0.001286082980059984
uf4,CDIIS,12,-451.2177802424626,0.0008586162219899052,0.0002724027593614306
uf4,CDIIS,13,-451.21815341080037,0.0003731683377736772,0.00017963738168961371
uf4,CDIIS,14,-451.2183697402695,0.0002163294691399642,0.00010427383299983421
uf4,CDIIS,15,-451.2184570657445,8.732547496492771e-05,6.790167025672135e-05
uf4,CDIIS,16,-451.21846743231447,1.0366569995312602e-05,5.136707730069331e-05
uf4,CDIIS,17,-451.2184761562629,8.7239484400925e-06,4.346912790465478e-05
uf4,CDIIS,18,-451.2184905854274,1.4429164480134204e-05,4.185395072094627e-05
uf4,CDIIS,19,-451.2185282348306,3.764940322525945e-05,3.9705544817478485e-05
uf4,CDIIS,20,-451.21859261300585,6.4378175238744e-05,3.589034407972085e-05
uf4,CDIIS,21,-451.2186552869231,6.267391722758475e-05,2.9245356056366478e-05
uf4,CDIIS,22,-451.2187262328787,7.09459555991998e-05,3.490777824737018e-05
uf4,CDIIS,23,-451.2187321807738,5.947895147073723e-06,2.8956654001396704e-05
uf4,CDIIS,24,-451.218733557502,1.3767281643595197e-06,8.905428259445427e-06
uf4,CDIIS,25,-451.21873541247453,1.8549725382399629e-06,7.771549738502777e-06
uf4,CDIIS,26,-451.21873629217396,8.796994279691717e-07,4.443871478734073e-06
uf4,CDIIS,27,-451.21873651705494,2.248809778393479e-07,7.338079097922355e-06
uf4,CDIIS,28,-451.2187365865851,6.953018782951403e-08,5.65866617420368e-06
uf4,CDIIS,29,-451.2187367069064,1.2032126051053638e-07,3.7095750095957847e-06
uf4,CDIIS,30,-451.21873695131956,2.444131723677856e-07,2.9375946214852257e-06
uf4,CDIIS,31,-451.2187377786605,8.273409548564814e-07,2.4429276779703515e-06
uf4,CDIIS,32,-451.21873809692204,3.1826152735447977e-07,1.2020653015445053e-06
uf4,CDIIS,33,-451.21873810258455,5.662514013238251e-09,7.979406174585638e-07
uf4,CDIIS,34,-451.21873810380816,1.2236114343977533e-09,1.3688617634777124e-07
uf4,CDIIS,35,-451.21873810389445,8.628830983070657e-11,1.185694540043657e-07
uf4,EDIIS,0,-389.61596172383486,,0.3913801037220485
uf4,EDIIS,1,-430.4017722594996,40.78581053566472,0.1261798726512405
uf4,EDIIS,2,-444.15495182079655,13.753179561296974,0.10909019677495765
uf4,EDIIS,3,-444.1549518085833,1.2213263289595488e-08,0.10909019690195894
uf4,EDIIS,4,-444.15495183619294,2.7609644348558504e-08,0.10909019661485451
uf4,EDIIS,5,-444.1549518933474,5.7154466048814356e-08,0.1090901960204585
uf4,EDIIS,6,-444.154952299658,4.063106189278187e-07,0.10909019179527261
uf4,EDIIS,7,-444.1549513897411,9.099169346882263e-07,0.1090902012575205
uf4,EDIIS,8,-444.1549518094106,4.1966950448113494e-07,0.10909019689333324
uf4,EDIIS,9,-444.15495182100983,1.159924067906104e-08,0.10909019677275196
uf4,EDIIS,10,-444.1549518129368,8.073016033449676e-09,0.10909019685668456
uf4,EDIIS,11,-444.15495188971454,7.677772373426706e-08,0.1090901960582807
uf4,EDIIS,12,-444.15495187541285,1.4301690498541575e-08,0.10909019620699122
uf4,EDIIS,13,-444.15495181818176,5.7231090977438726e-08,0.10909019680214159
uf4,EDIIS,14,-444.1549518180801,1.0163603292312473e-10,0.10909019680324954
uf4,EDIIS,15,-444.1549517078778,1.102023361454485e-07,0.10909019794917431
uf4,EDIIS,16,-444.15495226427913,5.564013463299489e-07,0.10909019216312682
uf4,EDIIS,17,-444.15495181767085,4.466082828002982e-07,0.10909019680749364
uf4,EDIIS,18,-444.1549518389272,2.1256369109323714e-08,0.10909019658640626
uf4,EDIIS,19,-444.539246843364,0.3842950044368081,0.10529551021721037
uf4,EDIIS,20,-444.74661047389293,0.20736363052890283,0.10289568962288383
uf4,EDIIS,21,-357.7112430225026,87.03536745139036,0.35218049791410594
uf4,EDIIS,22,-429.1301548577443,71.41891183524172,0.12537026551262417
uf4,EDIIS,23,-438.6216325792352,9.491477721490924,0.15351816908404647
uf4,EDIIS,24,-438.621632672827,9.359177965961862e-08,0.15351816859660247
uf4,EDIIS,25,-438.6216325793632,9.346376828034408e-08,0.15351816908338986
uf4,EDIIS,26,-438.6216328716695,2.923062538684462e-07,0.15351816756099954
uf4,EDIIS,27,-438.6216325780299,2.9363957310124533e-07,0.15351816909033403
uf4,EDIIS,28,-438.62163396841504,1.390385136801342e-06,0.15351816184888206
uf4,EDIIS,29,-438.62163267490314,1.2935119002577267e-06,0.15351816858578507
uf4,EDIIS,30,-438.6216325803226,9.458051408728352e-08,0.15351816907837612
uf4,EDIIS,31,-438.62163077943217,1.8008904589805752e-06,0.1535181784578144
uf4,EDIIS,32,-438.6216325777216,1.7982894178203424e-06,0.1535181690919399
uf4,EDIIS,33,-438.6216324699799,1.0774169822980184e-07,0.153518169653075
uf4,EDIIS,34,-438.6216325735103,1.0353039670008002e-07,0.1535181691138642
uf4,EDIIS,35,-439.62641927108893,1.004786697578652,0.14769928867781454
uf4,EDIIS,36,-438.4145715728155,1.2118476982734592,0.15460044919889895
uf4,EDIIS,37,-439.67290676558,1.258335192764548,0.1472483832423775
uf4,EDIIS,38,-438.62163255162807,1.051274213951956,0.153518169227855
uf4,EDIIS,39,-438.6216326457204,9.40923428061069e-08,0.15351816873778618
uf4,EDIIS,40,-438.6216325771651,6.855532319605118e-08,0.15351816909483715
uf4,EDIIS,41,-438.62163257789564,7.305516191991046e-10,0.15351816909104493
uf4,EDIIS,42,-345.63459955217,92.98703302572562,0.3389848663729975
uf4,EDIIS,43,-429.5734688175447,83.9388692653747,0.12801846049951252
uf4,EDIIS,44,-436.45850034169007,6.885031524145347,0.1606213688544572
uf4,EDIIS,45,-435.9918095751101,0.46669076657997266,0.1612172841669218
uf4,EDIIS,46,-434.91907649885627,1.0727330762538259,0.1614106864498856
uf4,EDIIS,47,-434.91694749977944,0.002128999076830951,0.1614133146157403
uf4,EDIIS,48,-434.91694748280145,1.6977992345346138e-08,0.16141331460645472
uf4,EDIIS,49,-434.9169474813199,1.4815668691881e-09,0.16141331460564518
uf4,EDIIS,50,-434.91694748192265,6.027676136000082e-10,0.16141331460597447
uf4,EDIIS,51,-434.91694748179066,1.319904185947962e-10,0.1614133146059014
uf4,EDIIS,52,-434.9169474815559,2.347633198951371e-10,0.16141331460577366
uf4,EDIIS,53,-434.91694747931604,2.239858076791279e-09,0.16141331460454644
uf4,EDIIS,54,-434.91694748174257,2.4265318643301725e-09,0.16141331460587574
uf4,EDIIS,55,-434.9169474796132,2.1293544705258682e-09,0.16141331460471087
uf4,EDIIS,56,-434.9169474737031,5.910123945795931e-09,0.1614133146014749
uf4,EDIIS,57,-434.91694747877375,5.070660336059518e-09,0.16141331460425276
uf4,EDIIS,58,-434.9169474783504,4.233697836752981e-10,0.16141331460402092
uf4,EDIIS,59,-434.91694764462864,1.6627825516479788e-07,0.16141331469497286
uf4,EDIIS,60,-434.91694977619125,2.131562609974935e-06,0.16141331586096982
uf4,EDIIS,61,-434.9169475175589,2.2586323211726267e-06,0.16141331462546527
uf4,EDIIS,62,-434.91694747820384,3.935508630092954e-08,0.16141331460394182
uf4,EDIIS,63,-339.51283844008935,95.40410903811448,0.33820212035556824
uf4,EDIIS,64,-430.0203527136157,90.50751427352634,0.13274383387369515
uf4,EDIIS,65,-432.7916281870947,2.7712754734790224,0.15491825582522697
uf4,EDIIS,66,-432.79162818467205,2.4226665118476376e-09,0.1549182558174713
uf4,EDIIS,67,-432.7916281915742,6.902155291754752e-09,0.15491825583956523
uf4,EDIIS,68,-432.79162819056035,1.0138592188013718e-09,0.15491825583632662
uf4,EDIIS,69,-432.79162818863574,1.9246044757892378e-09,0.15491825583016303
uf4,EDIIS,70,-432.7916281844874,4.148319021624047e-09,0.15491825581686774
uf4,EDIIS,71,-432.7916277554899,4.2899750951619353e-07,0.1549182544435117
uf4,EDIIS,72,-432.79162762535464,1.3013527677685488e-07,0.15491825402690879
uf4,EDIIS,73,-432.79162822263083,5.97276198277541e-07,0.15491825593898378
uf4,EDIIS,74,-432.7916282650534,4.2422584556334186e-08,0.15491825607480084
uf4,EDIIS,75,-432.79162814064614,1.2440727914508898e-07,0.15491825567652737
uf4,EDIIS,76,-432.7916280919618,4.8684341891203076e-08,0.15491825552067615
uf4,EDIIS,77,-432.79162641366327,1.678298531260225e-06,0.1549182501478805
uf4,EDIIS,78,-432.7916281920981,1.7784348074201262e-06,0.15491825584124508
uf4,EDIIS,79,-432.79162841460777,2.2250969777815044e-07,0.15491825655357902
uf4,EDIIS,80,-432.7916294991509,1.0845431006600847e-06,0.15491826002555736
uf4,EDIIS,81,-432.7916275229337,1.9762171632464742e-06,0.15491825369903273
uf4,EDIIS,82,-432.7916281943943,6.714606115565402e-07,0.15491825584859514
uf4,EDIIS,83,-432.79162815100324,4.339108272688463e-08,0.1549182557096823
uf4,EDIIS,84,-333.1883519479288,99.60327620307442,0.3441420061522242
uf4,EDIIS,85,-430.13854873019477,96.95019678226595,0.13650674622050596
uf4,EDIIS,86,-431.39208914017115,1.253540409976381,0.1474779823763378
uf4,EDIIS,87,-431.39208985027756,7.101064056769246e-07,0.1474779850498647
uf4,EDIIS,88,-431.3920893930201,4.572574425765197e-07,0.1474779833283064
uf4,EDIIS,89,-431.3920900514422,6.584220955119235e-07,0.14747798580725216
uf4,EDIIS,90,-431.3920893814279,6.700142876070458e-07,0.14747798328467465
uf4,EDIIS,91,-431.3920893624172,1.9010713003808632e-08,0.14747798321309571
uf4,EDIIS,92,-431.3920893925382,3.0120986593829e-08,0.1474779833265094
uf4,EDIIS,93,-431.3920893841813,8.356892067240551e-09,0.14747798329503628
uf4,EDIIS,94,-431.39208939656226,1.2380951375234872e-08,0.14747798334165332
uf4,EDIIS,95,-431.3920894485815,5.201923158892896e-08,0.14747798353751634
uf4,EDIIS,96,-431.39208930959546,1.3898602446715813e-07,0.14747798301422563
uf4,EDIIS,97,-431.39208936649277,5.689730642188806e-08,0.14747798322844485
uf4,EDIIS,98,-431.392089393349,2.6856241674977355e-08,0.14747798332954565
uf4,EDIIS,99,-431.39208947344116,8.009214980120305e-08,0.14747798363109646
uf4,EDIIS,100,-431.3920895493169,7.587573236378375e-08,0.14747798391677272
uf4,EDIIS,101,-431.3920893904989,1.5881801118666772e-07,0.14747798331883494
uf4,EDIIS,102,-431.3920893933928,2.893898454203736e-09,0.14747798332971057
uf4,EDIIS,103,-431.39208939363016,2.3737811716273427e-10,0.1474779833306139
uf4,EDIIS,104,-431.39208943553433,4.190417257632362e-08,0.14747798348838478
uf4,EDIIS,105,-330.81127936691144,100.5808100686229,0.34830334621315046
uf4,EDIIS,106,-430.3985488976249,99.58726953071346,0.139667869758059
uf4,EDIIS,107,-430.86374931603336,0.4652004184084717,0.14398614378403254
uf4,EDIIS,108,-430.8637493539709,3.793752512137871e-08,0.14398614391628972
uf4,EDIIS,109,-430.8637493921875,3.821662630798528e-08,0.14398614404951976
uf4,EDIIS,110,-430.8637491969822,1.9520530258887447e-07,0.14398614336899437
uf4,EDIIS,111,-430.86374933255604,1.3557382771978155e-07,0.14398614384164438
uf4,EDIIS,112,-430.8637494431663,1.1061024451919366e-07,0.1439861442272401
uf4,EDIIS,113,-430.86374941023337,3.293291683803545e-08,0.14398614411241847
uf4,EDIIS,114,-430.8637492956319,1.1460144833108643e-07,0.14398614371290336
uf4,EDIIS,115,-430.86374932412593,2.8494014259194955e-08,0.14398614381224176
uf4,EDIIS,116,-430.8637492378565,8.626943781564478e-08,0.1439861435114872
uf4,EDIIS,117,-430.86374931621674,7.836024451535195e-08,0.143986143784675
uf4,EDIIS,118,-430.8637493563184,4.0101667764247395e-08,0.14398614392447504
uf4,EDIIS,119,-430.86374931671287,3.960553840443026e-08,0.1439861437864086
uf4,EDIIS,120,-430.86374908394316,2.3276970750885084e-07,0.14398614297493922
uf4,EDIIS,121,-430.8637492163846,1.3244141428003786e-07,0.14398614343664035
uf4,EDIIS,122,-430.8637497765727,5.601881412076182e-07,0.14398614538955973
uf4,EDIIS,123,-430.8637493169115,4.5966123707330553e-07,0.14398614378710228
uf4,EDIIS,124,-430.86374939030736,7.339588137256214e-08,0.14398614404296653
uf4,EDIIS,125,-430.86374931030593,8.00014277047012e-08,0.14398614376406943
uf4,EDIIS,126,-329.9167792474533,100.94697006285264,0.35012340624392857
uf4,EDIIS,127,-430.5119026993133,100.59512345185999,0.14109909941513338
uf4,EDIIS,128,-430.67714868838414,0.1652459890708542,0.14268159895904298
uf4,EDIIS,129,-430.6771486894239,1.0397798178019002e-09,0.1426815989624567
uf4,EDIIS,130,-430.6771486897095,2.8558133635669947e-10,0.14268159896338775
uf4,EDIIS,131,-430.67714868986843,1.589341991348192e-10,0.14268159896391966
uf4,EDIIS,132,-430.67714868835594,1.5124896890483797e-09,0.14268159895894644
uf4,EDIIS,133,-430.6771486894436,1.0876419764827006e-09,0.1426815989625275
uf4,EDIIS,134,-430.6771487068431,1.739954313961789e-08,0.14268159901965694
uf4,EDIIS,135,-430.6771486655491,4.1294015318271704e-08,0.14268159888405782
uf4,EDIIS,136,-430.67714868854557,2.299645984749077e-08,0.14268159895957863
uf4,EDIIS,137,-430.67714859134423,9.720133675727993e-08,0.14268159864037588
uf4,EDIIS,138,-430.67714868058056,8.923632321966579e-08,0.1426815989334233
uf4,EDIIS,139,-430.67714869148756,1.090700152417412e-08,0.14268159896922972
uf4,EDIIS,140,-430.67714870693885,1.5451291801582556e-08,0.14268159901996622
uf4,EDIIS,141,-430.67714872915406,2.2215203898667824e-08,0.14268159909291517
uf4,EDIIS,142,-430.6771487014702,2.768388185359072e-08,0.1426815990020071
uf4,EDIIS,143,-430.6771484451658,2.5630436084611574e-07,0.14268159816035517
uf4,EDIIS,144,-430.67714868903215,2.438663386783446e-07,0.14268159896116683
uf4,EDIIS,145,-430.67714868093924,8.092911230050959e-09,0.1426815989346004
uf4,EDIIS,146,-430.6771486844766,3.5373659557080828e-09,0.1426815989462112
uf4,EDIIS,147,-329.60258341478675,101.07456526968986,0.35078615246138123
uf4,EDIIS,148,-430.5549239726447,100.95234055785795,0.14165496898660707
uf4,EDIIS,149,-430.612705500639,0.05778152799427971,0.14221841789217426
uf4,EDIIS,150,-430.6127056407521,1.4011311577633023e-07,0.14221841834025614
uf4,EDIIS,151,-430.6127056329831,7.769017429382075e-09,0.14221841831541926
uf4,EDIIS,152,-430.6127056254792,7.503899723815266e-09,0.14221841829141618
uf4,EDIIS,153,-430.6127056346737,9.194536687573418e-09,0.14221841832082402
uf4,EDIIS,154,-430.6127056233412,1.1332531357766129e-08,0.14221841828457613
uf4,EDIIS,155,-430.6127055758301,4.7511093725916e-08,0.142218418132647
uf4,EDIIS,156,-430.6127056090594,3.3229298423975706e-08,0.142218418238913
uf4,EDIIS,157,-430.6127056315397,2.2480321604234632e-08,0.14221841831079404
uf4,EDIIS,158,-430.61270567229917,4.0759459807304665e-08,0.142218418441157
uf4,EDIIS,159,-430.61270563384926,3.8449911698990036e-08,0.14221841831819068
uf4,EDIIS,160,-430.6127056326226,1.226680979016237e-09,0.14221841831425894
uf4,EDIIS,161,-430.61270565223697,1.9614390112110414e-08,0.14221841837698962
uf4,EDIIS,162,-430.6127056288716,2.3365373635897413e-08,0.14221841830226448
uf4,EDIIS,163,-430.6127058821619,2.5329029540444026e-07,0.14221841911229938
uf4,EDIIS,164,-430.6127056328103,2.4935161491157487e-07,0.1422184183148679
uf4,EDIIS,165,-430.612705638193,5.382730705605354e-09,0.14221841833208096
uf4,EDIIS,166,-430.6127053116852,3.265078021286172e-07,0.14221841728788298
uf4,EDIIS,167,-430.61270562660343,3.149182248307625e-07,0.142218418295008
uf4,EDIIS,168,-329.49461345261125,101.11809217399218,0.3510140355960567
uf4,EDIIS,169,-430.57039020706577,101.07577675445452,0.1418575172579879
uf4,EDIIS,170,-430.5905140368683,0.020123829802514592,0.1420558575468861
uf4,EDIIS,171,-430.590514034919,1.9492745195748284e-09,0.14205585754071348
uf4,EDIIS,172,-430.5905146621574,6.272383643590729e-07,0.14205585952671373
uf4,EDIIS,173,-430.59051388091564,7.812417379682302e-07,0.1420558570530822
uf4,EDIIS,174,-430.59051328320083,5.97714802097471e-07,0.14205585516055705
uf4,EDIIS,175,-430.590514031406,7.482051387341926e-07,0.1420558575295832
uf4,EDIIS,176,-430.5905140782395,4.6833520173095167e-08,0.14205585767788395
uf4,EDIIS,177,-430.5905140028276,7.541189006587956e-08,0.14205585743909685
uf4,EDIIS,178,-430.5905140231763,2.034869339695433e-08,0.14205585750352398
uf4,EDIIS,179,-430.59051402603893,2.8626345738302916e-09,0.1420558575125858
uf4,EDIIS,180,-430.59051403584624,9.807308742892928e-09,0.14205585754364955
uf4,EDIIS,181,-430.5905140197648,1.6081457943073474e-08,0.14205585749271618
uf4,EDIIS,182,-430.59051402134924,1.5844534573261626e-09,0.1420558574977253
uf4,EDIIS,183,-430.5905140205804,7.688640835112892e-10,0.14205585749529573
uf4,EDIIS,184,-430.5905139829532,3.76271600543987e-08,0.14205585737616855
uf4,EDIIS,185,-430.59051403127535,4.832213562622201e-08,0.14205585752915614
uf4,EDIIS,186,-430.5905140908591,5.958372639724985e-08,0.14205585771782406
uf4,EDIIS,187,-430.59051404747765,4.3381419345678296e-08,0.14205585758047543
uf4,EDIIS,188,-430.5905139218096,1.256680661754217e-07,0.14205585718257221
uf4,EDIIS,189,-329.45756127254435,101.13295264926523,0.35109165733935666
uf4,EDIIS,190,-430.5758409020756,101.11827962953123,0.14192947324123123
uf4,EDIIS,191,-430.5828486048068,0.007007702731243626,0.141998976525695
uf4,EDIIS,192,-430.5828486087638,3.9569840737385675e-09,0.14199897653816762
uf4,EDIIS,193,-430.58284857661226,3.2151547202374786e-08,0.14199897643672918
uf4,EDIIS,194,-430.5828486350782,5.846595740877092e-08,0.14199897662118838
uf4,EDIIS,195,-430.5828486287397,6.33849595033098e-09,0.14199897660118885
uf4,EDIIS,196,-430.5828486296688,9.290488378610462e-10,0.1419989766041295
uf4,EDIIS,197,-430.58284862562016,4.04861566494219e-09,0.14199897659134433
uf4,EDIIS,198,-430.5828486244874,1.1327756510581821e-09,0.14199897658778185
uf4,EDIIS,199,-430.58284860556,1.8927380551758688e-08,0.14199897652806606
uf4,EDIIS,200,-430.5828486437881,3.822810867859516e-08,0.1419989766486722
uf4,EDIIS,201,-430.5828486756433,3.185516561643453e-08,0.14199897674917134
uf4,EDIIS,202,-430.58284775141146,9.242318128599436e-07,0.14199897383323498
uf4,EDIIS,203,-430.5828497784224,2.027010964411602e-06,0.14199898022842486
uf4,EDIIS,204,-430.58284856989906,1.2085233720426913e-06,0.14199897641554457
uf4,EDIIS,205,-430.5828486132608,4.3361751522752456e-08,0.14199897655234997
uf4,EDIIS,206,-430.58284900108526,3.8782445699325763e-07,0.14199897777593956
uf4,EDIIS,207,-430.5828486124028,3.8868245155754266e-07,0.14199897654964047
uf4,EDIIS,208,-430.5828486604124,4.8009610509325285e-08,0.14199897670110895
uf4,EDIIS,209,-430.58284860715037,5.326205609890167e-08,0.14199897653307147
uf4,EDIIS,210,-329.4447905810216,101.13805802612876,0.3511182191712078
uf4,EDIIS,211,-430.57774925353306,101.13295867251145,0.14195478673197612
uf4,EDIIS,212,-430.580191387824,0.002442134290959075,0.1419790963894723
uf4,EDIIS,213,-430.5801912074121,1.804119165171869e-07,0.14197909582093754
uf4,EDIIS,214,-430.5801913200071,1.1259498933213763e-07,0.14197909617578475
uf4,EDIIS,215,-430.58019134931726,2.9310172067198437e-08,0.14197909626813057
uf4,EDIIS,216,-430.5801913539266,4.6093191485852e-09,0.1419790962826166
uf4,EDIIS,217,-430.58019154284045,1.8891387298936024e-07,0.1419790968778329
uf4,EDIIS,218,-430.5801914090283,1.3381213648244739e-07,0.14197909645619589
uf4,EDIIS,219,-430.58019090445134,5.045769739808748e-07,0.1419790948660817
uf4,EDIIS,220,-430.58019137833855,4.738872121379245e-07,0.14197909635912093
uf4,EDIIS,221,-430.5801912732444,1.0509415915294085e-07,0.14197909602790915
uf4,EDIIS,222,-430.5801912764374,3.193008524249308e-09,0.14197909603792497
uf4,EDIIS,223,-430.58019133715777,6.072036740079056e-08,0.14197909622982843
uf4,EDIIS,224,-430.58019136181247,2.465469606249826e-08,0.14197909630748246
uf4,EDIIS,225,-430.58019132994,3.187244601576822e-08,0.14197909620703764
uf4,EDIIS,226,-430.58019113848707,1.9145295482303482e-07,0.14197909560376815
uf4,EDIIS,227,-430.58019135606617,2.1757909962616395e-07,0.14197909628941924
uf4,EDIIS,228,-430.5801912552872,1.0077894785354147e-07,0.14197909597184608
uf4,EDIIS,229,-430.58019135679683,1.015096131595783e-07,0.1419790962917009
uf4,EDIIS,230,-430.58019135010557,6.691266207781155e-09,0.14197909627062158
uf4,EDIIS,231,-329.44036909733745,101.13982225276811,0.3511273679968158
uf4,EDIIS,232,-430.5784156917549,101.13804659441746,0.14196365509311942
uf4,EDIIS,233,-430.57926782349034,0.0008521317354279745,0.14197215213529227
uf4,EDIIS,234,-430.57926776741886,5.607148523267824e-08,0.14197215195869087
uf4,EDIIS,235,-430.57926777242415,5.005290404369589e-09,0.14197215197444896
uf4,EDIIS,236,-430.5792677817466,9.322434380010236e-09,0.14197215200382263
uf4,EDIIS,237,-430.5792677205776,6.116897566244006e-08,0.14197215181115655
uf4,EDIIS,238,-430.5792674235296,2.970480181829771e-07,0.14197215087554188
uf4,EDIIS,239,-430.57926781649223,3.929626473109238e-07,0.14197215211319678
uf4,EDIIS,240,-430.5792678107613,5.730953489546664e-09,0.1419721520951833
uf4,EDIIS,241,-430.5792676741456,1.3661565390066244e-07,0.14197215166487973
uf4,EDIIS,242,-430.57926776502495,9.087932539841859e-08,0.14197215195113108
uf4,EDIIS,243,-430.57926739850257,3.665223857751698e-07,0.14197215079669226
uf4,EDIIS,244,-430.5792677093407,3.108381179117714e-07,0.14197215177572717
uf4,EDIIS,245,-430.57926787168606,1.623453727006563e-07,0.14197215228704743
uf4,EDIIS,246,-430.57926785519317,1.6492890608788002e-08,0.141972152235091
uf4,EDIIS,247,-430.57926781166293,4.353023541625589e-08,0.14197215209802272
uf4,EDIIS,248,-430.5792681425128,3.3084984352171887e-07,0.1419721531400811
uf4,EDIIS,249,-430.57926777222167,3.702911044456414e-07,0.1419721519738014
uf4,ADIIS,0,-389.61596172383486,,0.3913801037220485
uf4,ADIIS,1,-432.3918106636901,42.77584893985522,0.2986346537481138
uf4,ADIIS,2,-450.6448639670821,18.253053303391994,0.04367014210476499
uf4,ADIIS,3,-451.05726700357616,0.4124030364940836,0.017304110645779216
uf4,ADIIS,4,-451.122171012507,0.0649040089308528,0.013809269668736109
uf4,ADIIS,5,-451.15908560172363,0.03691458921662161,0.009201297656383058
uf4,ADIIS,6,-451.15614564226905,0.002939959454579366,0.009693518753085226
uf4,ADIIS,7,-451.18976867552885,0.03362303325980065,0.003846431984015066
uf4,ADIIS,8,-451.1820141186182,0.007754556910640531,0.006428826659073884
uf4,ADIIS,9,-451.1996363340694,0.017622215451183365,0.0008816664174612184
uf4,ADIIS,10,-451.2031366209595,0.0035002868901301554,0.001497095628442548
uf4,ADIIS,11,-451.20499396256776,0.001857341608229035,0.002920827236478481
uf4,ADIIS,12,-451.1959643133456,0.009029649222156877,0.006770806560017474
uf4,ADIIS,13,-451.2126326287986,0.01666831545298919,0.0008120339436636757
uf4,ADIIS,14,-451.21508160368137,0.0024489748827818403,0.0009877685417325475
uf4,ADIIS,15,-451.2156656636272,0.000584059945822446,0.0018986805388092076
uf4,ADIIS,16,-451.21471506741716,0.0009505962100320176,0.0028166346074611657
uf4,ADIIS,17,-451.21789550235326,0.0031804349360982087,0.00034302561540887084
uf4,ADIIS,18,-451.2182109069788,0.0003154046255531284,0.0004525018211726305
uf4,ADIIS,19,-451.2181341175832,7.678939562083542e-05,0.0009393622322613096
uf4,ADIIS,20,-451.21845310819583,0.00031899061264084594,0.0003220206303860827
uf4,ADIIS,21,-451.2184644423627,1.1334166856613592e-05,0.0004908491999230293
uf4,ADIIS,22,-451.2185358999892,7.145762651816767e-05,0.00030826499945356975
uf4,ADIIS,23,-451.21857042384715,3.452385794844304e-05,0.00022449145637627076
uf4,ADIIS,24,-451.2185751970625,4.773215323439217e-06,0.0002521745756234847
uf4,ADIIS,25,-451.2185995006529,2.4303590407726006e-05,9.037972523298808e-05
uf4,ADIIS,26,-451.2185971748455,2.3258073724718997e-06,0.00016147188740103482
uf4,ADIIS,27,-451.2186069940625,9.819216984396917e-06,4.2326323675433536e-05
uf4,ADIIS,28,-451.21860674685433,2.472081632731715e-07,8.749181235502756e-05
uf4,ADIIS,29,-451.2186092649566,2.518102292015101e-06,4.685981362985319e-05
uf4,ADIIS,30,-451.21861024675263,9.817960062719067e-07,4.5044602164137676e-05
uf4,ADIIS,31,-451.2186101639743,8.277834240288939e-08,6.323376379075008e-05
uf4,ADIIS,32,-451.2186118279968,1.6640225339870085e-06,2.0957753852360787e-05
uf4,ADIIS,33,-451.21861189586605,6.786922313040122e-08,4.317375041222883e-05
uf4,ADIIS,34,-451.2186123808839,4.85017835671897e-07,3.649386854851283e-05
uf4,ADIIS,35,-451.21861305893333,6.780494459235342e-07,2.412718165526245e-05
uf4,ADIIS,36,-451.2186127353899,3.2354341783502605e-07,5.261997559933445e-05
uf4,ADIIS,37,-451.2186138298799,1.0944900168396998e-06,1.335178768100388e-05
uf4,ADIIS,38,-451.21861409392193,2.6404200070828665e-07,2.5118846018142256e-05
uf4,ADIIS,39,-451.21861361188814,4.820337835553801e-07,5.5525924780971827e-05
uf4,ADIIS,40,-451.21861482086786,1.208979711009306e-06,8.955650956025125e-06
uf4,ADIIS,41,-451.21861517353193,3.5266407394374255e-07,1.1995814480390041e-05
uf4,ADIIS,42,-451.2186154006696,2.2713766156812198e-07,2.2391058237491835e-05
uf4,ADIIS,43,-451.21861503903915,3.616304411480087e-07,4.9385219893971374e-05
uf4,ADIIS,44,-451.2186159995862,9.605470268070349e-07,8.491569593379977e-06
uf4,ADIIS,45,-451.21861628782983,2.8824365472246427e-07,1.2123670829324168e-05
uf4,ADIIS,46,-451.2186164373833,1.4955344340705778e-07,2.368949450161377e-05
uf4,ADIIS,47,-451.2186159125239,5.248593879514374e-07,5.292753682507453e-05
uf4,ADIIS,48,-451.2186167249514,8.124275154841598e-07,1.745017062015704e-05
uf4,ADIIS,49,-451.218616681277,4.36743903264869e-08,3.409759290794611e-05
uf4,ADIIS,50,-451.2186171669142,4.856372015638044e-07,1.5947774650982942e-05
uf4,ADIIS,51,-451.2186171931936,2.6279394660377875e-08,2.9354847107902986e-05
uf4,ADIIS,52,-451.2186171920483,1.1452812032075599e-09,2.9412555951852557e-05
uf4,ADIIS,53,-451.21861747598155,2.839332182702492e-07,2.1134448282455845e-05
uf4,ADIIS,54,-451.21861770277394,2.2679239464196144e-07,1.9422920875914282e-05
uf4,ADIIS,55,-451.2186176335291,6.924483386683278e-08,3.361128132301792e-05
uf4,ADIIS,56,-451.2186176322997,1.2294094631215557e-09,3.366813216622099e-05
uf4,ADIIS,57,-451.218618099354,4.670542921303422e-07,1.147514404791498e-05
uf4,ADIIS,58,-451.2186181554572,5.610320386040257e-08,2.345013042894963e-05
uf4,ADIIS,59,-451.2186181935199,3.806269432971021e-08,2.8485152784345748e-05
uf4,ADIIS,60,-451.21861857267425,3.79154357688094e-07,1.1166380286065709e-05
uf4,ADIIS,61,-451.21861860939623,3.6721985452459194e-08,2.3018589355533152e-05
uf4,ADIIS,62,-451.2186187088482,9.945199508365477e-08,2.343250083120877e-05
uf4,ADIIS,63,-451.2186187084442,4.0404302126262337e-10,2.346034946526276e-05
uf4,ADIIS,64,-451.2186189792541,2.708098918446922e-07,1.2494780618019372e-05
uf4,ADIIS,65,-451.21861893886353,4.039054601889802e-08,2.675896854852669e-05
uf4,ADIIS,66,-451.2186192110363,2.721727696552989e-07,1.204654097923207e-05
uf4,ADIIS,67,-451.21861929104296,8.00066572992364e-08,1.7982403110355505e-05
uf4,ADIIS,68,-451.21861924117195,4.9871005103341304e-08,2.801872397029426e-05
uf4,ADIIS,69,-451.21861957275985,3.315878984722076e-07,8.838964285452256e-06
uf4,ADIIS,70,-451.2186196194583,4.669846020988189e-08,1.779869599783278e-05
uf4,ADIIS,71,-451.21861955241843,6.703987764922203e-08,2.7879377170166676e-05
uf4,ADIIS,72,-451.2186198860512,3.336327836223063e-07,6.343697861211322e-06
uf4,ADIIS,73,-451.2186199726432,8.6591967374261e-08,1.124035107132386e-05
uf4,ADIIS,74,-451.2186199738404,1.1972360880463384e-09,1.1133740451851416e-05
uf4,ADIIS,75,-451.21861991813614,5.570427674683742e-08,2.4224050572818882e-05
uf4,ADIIS,76,-451.2186199183144,1.7826096154749393e-10,2.4214446244364898e-05
uf4,ADIIS,77,-451.2186201491228,2.3080838218447752e-07,7.825718177361e-06
uf4,ADIIS,78,-451.21862019268826,4.356547833594959e-08,1.506839915156706e-05
uf4,ADIIS,79,-451.21862009396966,9.871860129351262e-08,2.7135709675890763e-05
uf4,ADIIS,80,-451.21862039623295,3.022632881766185e-07,4.587746575211211e-06
uf4,ADIIS,81,-451.21862048040543,8.417248409386957e-08,6.547751501709771e-06
uf4,ADIIS,82,-451.2186205241427,4.3737259147746954e-08,1.279255663602025e-05
uf4,ADIIS,83,-451.21862052466724,5.245510692475364e-10,1.2746986071879978e-05
uf4,ADIIS,84,-451.2186205244782,1.8906121113104746e-10,1.2762815903998781e-05
uf4,ADIIS,85,-451.2186203725629,1.5191528746072436e-07,2.8516667131565207e-05
uf4,ADIIS,86,-451.2186206848892,3.1232627861754736e-07,3.683358782866348e-06
uf4,ADIIS,87,-451.2186207623106,7.742141860944685e-08,3.7168115666576774e-06
uf4,ADIIS,88,-451.21862083429494,7.198434559541056e-08,4.261874572924465e-06
uf4,ADIIS,89,-451.2186208350321,7.371454557869583e-10,4.219249945628717e-06
uf4,ADIIS,90,-451.2186208352467,2.1464074961841106e-10,4.208983949298234e-06
uf4,ADIIS,91,-451.21862089561535,6.036862032487988e-08,6.55178911445458e-06
uf4,ADIIS,92,-451.218620912695,1.7079628378269263e-08,1.3356060232563839e-05
uf4,ADIIS,93,-451.2186209124576,2.3737811716273427e-10,1.3402779546469244e-05
uf4,ADIIS,94,-451.2186209136099,1.1523297871463e-09,1.3299635810579532e-05
uf4,ADIIS,95,-451.21862092977824,1.616831468709279e-08,1.5720650387852328e-05
uf4,ADIIS,96,-451.2186210460013,1.1622307738434756e-07,6.637783828982796e-06
uf4,ADIIS,97,-451.2186210511426,5.141259862284642e-09,1.3856218291983431e-05
uf4,ADIIS,98,-451.21862105357593,2.4333530745934695e-09,1.3625536854151794e-05
uf4,ADIIS,99,-451.21862110517475,5.1598817663034424e-08,1.1283274799835787e-05
uf4,ADIIS,100,-451.2186211722302,6.70554527459899e-08,8.14040599061464e-06
uf4,ADIIS,101,-451.2186211398292,3.240097612433601e-08,1.7258290218095222e-05
uf4,ADIIS,102,-451.2186211396597,1.695070750429295e-10,1.7294470880139572e-05
uf4,ADIIS,103,-451.21862125829523,1.1863551208080025e-07,4.702639592578464e-06
uf4,ADIIS,104,-451.2186212848643,2.6569068722892553e-08,9.05997853239192e-06
uf4,ADIIS,105,-451.2186212136643,7.120002010196913e-08,2.0145633749843017e-05
uf4,ADIIS,106,-451.21862137112157,1.574572934259777e-07,2.8243753591320144e-06
uf4,ADIIS,107,-451.21862121509537,1.56026203512738e-07,2.006249492545999e-05
uf4,ADIIS,108,-451.2186212150116,8.378719940083101e-11,2.0066926043624294e-05
uf4,ADIIS,109,-451.2186214130702,1.980586148420116e-07,3.1979210897285776e-06
uf4,ADIIS,110,-451.21862144868794,3.561774519766914e-08,4.900584572358341e-06
uf4,ADIIS,111,-451.2186214492366,5.48652678844519e-10,4.811252017484214e-06
uf4,ADIIS,112,-451.2186214609118,1.167518348665908e-08,9.85436360171883e-06
uf4,ADIIS,113,-451.21862145696207,3.949708116124384e-09,1.3464299141486857e-05
uf4,ADIIS,114,-451.21862145956607,2.603997018013615e-09,1.3154143048818567e-05
uf4,ADIIS,115,-451.21862145639227,3.1737954486743547e-09,1.3541300804643507e-05
uf4,ADIIS,116,-451.2186215387352,8.23429218144156e-08,4.0661260693480724e-06
uf4,ADIIS,117,-451.2186215561379,1.7402726371074095e-08,7.92126192563057e-06
uf4,ADIIS,118,-451.21862151138555,4.4752368921763264e-08,1.6492889432329414e-05
uf4,ADIIS,119,-451.2186215025898,8.795723260845989e-09,1.7323333510872497e-05
uf4,ADIIS,120,-451.21862149997935,2.6104771677637473e-09,1.754667636939825e-05
uf4,ADIIS,121,-451.21862151548976,1.5510408957197797e-08,1.6200679691178094e-05
uf4,ADIIS,122,-451.2186216189215,1.0343171652493766e-07,2.307240854206532e-06
uf4,ADIIS,123,-451.2186216489664,3.004493009939324e-08,2.2725594670114228e-06
uf4,ADIIS,124,-451.2186216774177,2.8451268008211628e-08,2.418803482502241e-06
uf4,ADIIS,125,-451.21862167798724,5.695710569852963e-10,2.389265070291855e-06
uf4,ADIIS,126,-451.2186217033649,2.5377630663570017e-08,3.1801114740892914e-06
uf4,ADIIS,127,-451.21862170395514,5.902620614506304e-10,3.10831284814264e-06
uf4,ADIIS,128,-451.2186217210659,1.7110778571804985e-08,5.772156953579882e-06
uf4,ADIIS,129,-451.2186217226057,1.5397745301015675e-09,5.500748587964599e-06
uf4,ADIIS,130,-451.21862170329166,1.9314029486849904e-08,1.2281015803904487e-05
uf4,ADIIS,131,-451.21862170407223,7.805738277966157e-10,1.2210062824031196e-05
uf4,ADIIS,132,-451.2186217631396,5.906736078031827e-08,2.9503205447992467e-06
uf4,ADIIS,133,-451.2186217786085,1.5468913261429407e-08,5.410385482121826e-06
uf4,ADIIS,134,-451.2186217802939,1.6854073692229576e-09,5.0767039243112205e-06
uf4,ADIIS,135,-451.2186217641471,1.6146827874763403e-08,1.1394813777717484e-05
uf4,ADIIS,136,-451.21862176652587,2.378783392487094e-09,1.1133184654810619e-05
uf4,ADIIS,137,-451.2186218153497,4.88238356410875e-08,3.1406214424429064e-06
uf4,ADIIS,138,-451.21862183543897,2.0089260033273604e-08,2.7235325795069856e-06
uf4,ADIIS,139,-451.2186218355007,6.17319528828375e-11,3.2179223805015308e-06
uf4,ADIIS,140,-451.2186218464507,1.0949975148832891e-08,5.610882154850196e-06
uf4,ADIIS,141,-451.21862184908093,2.6302586775273085e-09,5.101549038581391e-06
uf4,ADIIS,142,-451.2186218265107,2.257024789287243e-08,1.1748226720851537e-05
uf4,ADIIS,143,-451.2186218281764,1.665739546297118e-09,1.1551889782890493e-05
uf4,ADIIS,144,-451.2186218325793,4.402863851282746e-09,1.1038505641268115e-05
uf4,ADIIS,145,-451.2186218808705,4.829121280636173e-08,2.007781080064158e-06
uf4,ADIIS,146,-451.2186218977962,1.6925696399994195e-08,1.7016154942307902e-06
uf4,ADIIS,147,-451.218621913761,1.5964815247571096e-08,1.785606366305089e-06
uf4,ADIIS,148,-451.2186219139177,1.566604623803869e-10,1.7863443280551434e-06
uf4,ADIIS,149,-451.21862191579567,1.877992872323375e-09,1.6865163789321663e-06
uf4,ADIIS,150,-451.2186219292058,1.3410158317128662e-08,2.1793163344546333e-06
uf4,ADIIS,151,-451.21862193017125,9.654286259319633e-10,2.0185031168645963e-06
uf4,ADIIS,152,-451.21862194125595,1.1084694051533006e-08,3.4647728262105963e-06
uf4,ADIIS,153,-451.2186219423587,1.1027623258996755e-09,3.230182670119996e-06
uf4,ADIIS,154,-451.21862194195285,4.0586201066616923e-10,7.004713807327628e-06
uf4,ADIIS,155,-451.21862194305334,1.1004885891452432e-09,6.807678020501528e-06
uf4,ADIIS,156,-451.21862194743437,4.381035978440195e-09,5.952526665502378e-06
uf4,ADIIS,157,-451.21862195396295,6.528580343001522e-09,6.178342637300475e-06
uf4,ADIIS,158,-451.21862197268877,1.8725813788478263e-08,3.7569902520187004e-06
uf4,ADIIS,159,-451.2186219828196,1.0130861483048648e-08,3.643904151624197e-06
uf4,ADIIS,160,-451.2186219765405,6.2791514210402966e-09,5.976114193959984e-06
uf4,ADIIS,161,-451.21862197615485,3.8562575355172157e-10,7.982703098337354e-06
uf4,ADIIS,162,-451.21862199352574,1.7370894056512043e-08,2.451333212681358e-06
uf4,ADIIS,163,-451.2186220034895,9.963741831597872e-09,1.546129557292084e-06
uf4,ADIIS,164,-451.21862200898784,5.498350219568238e-09,2.084854706584307e-06
uf4,ADIIS,165,-451.2186220144757,5.487891030497849e-09,2.4511347624362044e-06
uf4,ADIIS,166,-451.21862201636407,1.8883383745560423e-09,2.43135555219977e-06
uf4,ADIIS,167,-451.21862202338855,7.024482329143211e-09,2.3909351937316293e-06
uf4,ADIIS,168,-451.2186220240941,7.055405149003491e-10,2.864435376874996e-06
uf4,ADIIS,169,-451.21862203053047,6.4363803176092915e-09,2.9647527981027773e-06
uf4,ADIIS,170,-451.2186220348468,4.316348167776596e-09,2.7328952708828833e-06
uf4,ADIIS,171,-451.21862203921876,4.371941031422466e-09,1.300323288078784e-06
uf4,ADIIS,172,-451.2186220427336,3.5148559618392028e-09,3.2380086042758554e-06
uf4,ADIIS,173,-451.2186220469546,4.22096491092816e-09,1.7247927091965757e-06
uf4,ADIIS,174,-451.2186220492662,2.3115944713936187e-09,3.424870852889543e-06
uf4,ADIIS,175,-451.2186220551091,5.842935024702456e-09,2.324723487962866e-06
uf4,ADIIS,176,-451.2186220583442,3.2350726542063057e-09,1.5791283681128742e-06
uf4,ADIIS,177,-451.21862206367234,5.3281610234989785e-09,2.231978512684171e-06
uf4,ADIIS,178,-451.21862206594653,2.274191501783207e-09,1.283847768894441e-06
uf4,ADIIS,179,-451.21862206762,1.673470251262188e-09,1.2271715184853335e-06
uf4,ADIIS,180,-451.218622072479,4.858975444221869e-09,1.8890742718053551e-06
uf4,ADIIS,181,-451.21862207418656,1.7075763025786728e-09,1.4144939997516495e-06
uf4,ADIIS,182,-451.21862207625304,2.0664856492658146e-09,1.1417502510506918e-06
uf4,ADIIS,183,-451.21862208105597,4.802927833225112e-09,1.8712997659896857e-06
uf4,ADIIS,184,-451.2186220824718,1.415855876985006e-09,1.4072675007490856e-06
uf4,ADIIS,185,-451.21862208390814,1.436319507774897e-09,1.1069219807080338e-06
uf4,ADIIS,186,-451.21862208819596,4.28781277150847e-09,2.159239921378089e-06
uf4,ADIIS,187,-451.2186220895645,1.3685621524928138e-09,1.6937430295683332e-06
uf4,ADIIS,188,-451.2186220916858,2.1212827050476335e-09,1.0687592536049422e-06
uf4,ADIIS,189,-451.21862209343897,1.7531647245050408e-09,1.2915264646540919e-06
uf4,ADIIS,190,-451.2186220969563,3.5173570722690783e-09,1.6963613690354355e-06
uf4,ADIIS,191,-451.21862209833114,1.3748149285675026e-09,1.2144180462714747e-06
uf4,ADIIS,192,-451.2186221013185,2.9873490348109044e-09,2.225013618606278e-06
uf4,ADIIS,193,-451.2186221030994,1.7809043129091151e-09,1.763393799118127e-06
uf4,ADIIS,194,-451.21862210519305,2.093656803481281e-09,1.0550906674016247e-06
uf4,ADIIS,195,-451.2186221066995,1.506464286649134e-09,1.197106514032214e-06
uf4,ADIIS,196,-451.21862210799657,1.2970531315659173e-09,1.3429895548763027e-06
uf4,ADIIS,197,-451.2186221114267,3.430159267736599e-09,1.039784432474175e-06
uf4,ADIIS,198,-451.21862211234554,9.188170224661008e-10,9.771291520812434e-07
uf4,ADIIS,199,-451.21862211344217,1.0966232366627082e-09,1.0054711355523586e-06
uf4,ADIIS,200,-451.2186221169652,3.523041414155159e-09,9.935078125771344e-07
uf4,ADIIS,201,-451.2186221177916,8.263896233984269e-10,9.478476820617101e-07
uf4,ADIIS,202,-451.2186221194851,1.6934791347011924e-09,9.65642935876592e-07
uf4,ADIIS,203,-451.2186221222379,2.7528130885912105e-09,9.411346552336998e-07
uf4,ADIIS,204,-451.21862212314556,9.076757123693824e-10,9.234357180633486e-07
uf4,ADIIS,205,-451.2186221241826,1.0370513336965814e-09,9.184701903132704e-07
uf4,ADIIS,206,-451.21862212580174,1.6191279428312555e-09,9.175665408343145e-07
uf4,ADIIS,207,-451.21862212787767,2.0759216567967087e-09,9.042170471243468e-07
uf4,ADIIS,208,-451.21862212863493,7.572680260636844e-10,8.969559205489799e-07
uf4,ADIIS,209,-451.21862213066333,2.028400558629073e-09,8.932290006894278e-07
uf4,ADIIS,210,-451.2186221315311,8.677716323290952e-10,8.860796605424691e-07
uf4,ADIIS,211,-451.2186221323386,8.075176083366387e-10,8.792999969319992e-07
uf4,ADIIS,212,-451.21862213465636,2.317733560630586e-09,8.695126931266335e-07
uf4,ADIIS,213,-451.21862213560087,9.44510247791186e-10,8.653625947624574e-07
uf4,ADIIS,214,-451.2186221366736,1.0727490007411689e-09,8.579735535918718e-07
uf4,ADIIS,215,-451.2186221374544,7.808012014720589e-10,8.532507518629257e-07
uf4,ADIIS,216,-451.2186221396295,2.175056579289958e-09,8.453271983262809e-07
uf4,ADIIS,217,-451.21862213922384,4.05634636990726e-10,8.444337249883281e-07
uf4,ADIIS,218,-451.21862214113696,1.9131221051793545e-09,8.349414076109925e-07
uf4,ADIIS,219,-451.21862214227224,1.1352767614880577e-09,8.286153904496421e-07
uf4,ADIIS,220,-451.21862214273676,4.645244189305231e-10,8.261971868182205e-07
uf4,ADIIS,221,-451.2186221436832,9.464429240324534e-10,8.214583632654639e-07
uf4,ADIIS,222,-451.21862214392115,2.3794655135134235e-10,8.199945839051046e-07
uf4,ADIIS,223,-451.2186221458501,1.928924575622659e-09,8.099250332470801e-07
uf4,ADIIS,224,-451.21862214664213,7.920561984064989e-10,8.055792168768179e-07
uf4,ADIIS,225,-451.21862214674763,1.0550138540565968e-10,8.050319092418077e-07
uf4,ADIIS,226,-451.21862214834744,1.5998011804185808e-09,7.965864980733886e-07
uf4,ADIIS,227,-451.21862214865087,3.034301698789932e-10,7.948226598956029e-07
uf4,ADIIS,228,-451.2186221493869,7.360085874097422e-10,7.908096169562884e-07
uf4,ADIIS,229,-451.21862214940927,2.2396307031158358e-11,7.906755776922827e-07
uf4,ADIIS,230,-451.2186221511463,1.7370211935485713e-09,7.811773653279545e-07
uf4,ADIIS,231,-451.2186221517919,6.456275514210574e-10,7.776198932150556e-07
uf4,ADIIS,232,-451.2186221526732,8.813003660179675e-10,7.72735367664234e-07
uf4,ADIIS,233,-451.21862215339695,7.237304089358076e-10,7.686970307560856e-07
uf4,ADIIS,234,-451.2186221542007,8.037659426918253e-10,7.641765938923554e-07
uf4,ADIIS,235,-451.21862215494593,7.452172212651931e-10,7.59975651377134e-07
uf4,ADIIS,236,-451.21862215493707,8.86757334228605e-12,7.600335858646276e-07
uf4,ADIIS,237,-451.21862215685985,1.922785486385692e-09,7.490660121534172e-07
uf4,ADIIS,238,-451.21862215732483,4.6497916628140956e-10,7.464011575260156e-07
uf4,ADIIS,239,-451.2186221579992,6.743903213646263e-10,7.425040238136979e-07
uf4,ADIIS,240,-451.21862215875365,7.54425855120644e-10,7.381282054518706e-07
uf4,ADIIS,241,-451.21862215868623,6.74162947689183e-11,7.385225586055533e-07
uf4,ADIIS,242,-451.21862215925114,5.649098966387101e-10,7.352292858691641e-07
uf4,ADIIS,243,-451.2186221599417,6.905338523210958e-10,7.31179653280109e-07
uf4,ADIIS,244,-451.2186221594925,4.4917669583810493e-10,7.338086410086781e-07
uf4,ADIIS,245,-451.2186221616972,2.2047288439352997e-09,7.207776982896171e-07
uf4,ADIIS,246,-451.21862216069064,1.0065832611871883e-09,7.267690836332641e-07
uf4,ADIIS,247,-451.21862216113016,4.3951331463176757e-10,7.24164926694174e-07
uf4,ADIIS,248,-451.21862216158024,4.5008619053987786e-10,7.214775926019443e-07
uf4,ADIIS,249,-451.21862216202237,4.4212811189936474e-10,7.188447879251832e-07
uf4,LCIIS,0,-389.61596172383486,,0.3913801037220485
uf4,LCIIS,1,-450.6002017418506,60.984240018015726,0.03010356321506014
uf4,LCIIS,2,-451.0040662412109,0.4038644993603384,0.01914928770301788
uf4,LCIIS,3,-451.1315082912713,0.127442050060381,0.009707943547917418
uf4,LCIIS,4,-451.1718209518166,0.0403126605452826,0.003835083747437486
uf4,LCIIS,5,-451.1779632284657,0.006142276649143241,0.0015128742402698825
uf4,LCIIS,6,-451.1791046234739,0.001141395008176005,9.484354683853965e-05
uf4,LCIIS,7,-451.17910895659134,4.333117431087885e-06,2.3817747317676314e-06
uf4,LCIIS,8,-451.1791089653815,8.79015260579763e-09,3.4997092582015863e-07
uf4,LCIIS,9,-451.17910896549927,1.177795638795942e-10,9.802326457282142e-08
uf4,LCIIS,10,-451.17910896550313,3.865352482534945e-12,1.3924541169191387e-08
uf4_bs_triplet,CDIIS,0,-451.2012975344537,,0.00321425659338412
uf4_bs_triplet,CDIIS,1,-451.22224216124937,0.020944626795653676,0.001616090668620246
uf4_bs_triplet,CDIIS,2,-451.22781482346807,0.005572662218696678,0.0007231215132882989
uf4_bs_triplet,CDIIS,3,-451.23027205133064,0.002457227862578293,0.0002237191351753178
uf4_bs_triplet,CDIIS,4,-451.2304568340461,0.00018478271545063762,0.0002153480805050425
uf4_bs_triplet,CDIIS,5,-451.2307179743202,0.0002611402741194979,0.00011152133370742766
uf4_bs_triplet,CDIIS,6,-451.230950750583,0.0002327762628056007,0.0001182543580609644
uf4_bs_triplet,CDIIS,7,-451.2299385230082,0.001012227574847202,9.459407982518387e-05
uf4_bs_triplet,CDIIS,8,-451.2295004675566,0.00043805545158193127,8.92027419257298e-05
uf4_bs_triplet,CDIIS,9,-451.2295209831083,2.0515551682365185e-05,6.764769477835893e-05
uf4_bs_triplet,CDIIS,10,-451.2295686362718,4.7653163505856355e-05,4.5894747084451036e-05
uf4_bs_triplet,CDIIS,11,-451.22957737601007,8.739738291296817e-06,3.1531571261625264e-05
uf4_bs_triplet,CDIIS,12,-451.2296042425228,2.6866512712331314e-05,1.4528341881479399e-05
uf4_bs_triplet,CDIIS,13,-451.2296127463227,8.50379990424699e-06,8.214791840520224e-06
uf4_bs_triplet,CDIIS,14,-451.2296132044095,4.5808678805769887e-07,1.844834363584214e-06
uf4_bs_triplet,CDIIS,15,-451.22961321235437,7.944890967337415e-09,8.941893187701563e-07
uf4_bs_triplet,CDIIS,16,-451.22961321382775,1.4733814168721437e-09,1.937545349344185e-07
uf4_bs_triplet,CDIIS,17,-451.229613213971,1.432454155292362e-10,5.269007679760921e-08
uf4_bs_triplet,CDIIS,18,-451.22961321402624,5.525180313270539e-11,5.4357176416848126e-08
uf4_bs_triplet,EDIIS,0,-451.2012975344537,,0.00321425659338412
uf4_bs_triplet,EDIIS,1,-451.20506846064063,0.0037709261869167676,0.003626465188456603
uf4_bs_triplet,EDIIS,2,-451.22540524547446,0.02033678483383028,0.0016788225826419852
uf4_bs_triplet,EDIIS,3,-451.2254052432696,2.2048425307730213e-09,0.0016788230791377748
uf4_bs_triplet,EDIIS,4,-451.22540524400256,7.329390427912585e-10,0.001678822914158713
uf4_bs_triplet,EDIIS,5,-451.22540524190606,2.096498974424321e-09,0.0016788233852201447
uf4_bs_triplet,EDIIS,6,-451.22540525079773,8.891674951883033e-09,0.001678821385834088
uf4_bs_triplet,EDIIS,7,-451.2254052458453,4.9524260248290375e-09,0.001678822499608838
uf4_bs_triplet,EDIIS,8,-451.2254052430743,2.771002982626669e-09,0.0016788231225210325
uf4_bs_triplet,EDIIS,9,-451.2254052442489,1.1746124073397368e-09,0.0016788228583761097
uf4_bs_triplet,EDIIS,10,-451.2254052388205,5.428432814369444e-09,0.001678824079271938
uf4_bs_triplet,EDIIS,11,-451.2254052423765,3.556010597094428e-09,0.0016788232795819792
uf4_bs_triplet,EDIIS,12,-451.2254052453519,2.9754119168501347e-09,0.001678822610792782
uf4_bs_triplet,EDIIS,13,-451.2254052427685,2.5834197003860027e-09,0.001678823191525874
uf4_bs_triplet,EDIIS,14,-451.2254052453376,2.569095158833079e-09,0.0016788226141788776
uf4_bs_triplet,EDIIS,15,-451.2254052473129,1.9753088054130785e-09,0.0016788221695955888
uf4_bs_triplet,EDIIS,16,-451.2254052497981,2.4851942725945264e-09,0.001678821611000685
uf4_bs_triplet,EDIIS,17,-451.22540524394367,5.854417395312339e-09,0.001678822926916852
uf4_bs_triplet,EDIIS,18,-451.22540524291037,1.033299668051768e-09,0.001678823159665382
uf4_bs_triplet,EDIIS,19,-451.22540524395174,1.0413714335300028e-09,0.0016788229253317077
uf4_bs_triplet,EDIIS,20,-451.22540524228646,1.6652847989462316e-09,0.0016788232999999108
uf4_bs_triplet,EDIIS,21,-451.22634559767664,0.0009403553901847772,0.0014794067191289846
uf4_bs_triplet,EDIIS,22,-451.2165017968408,0.009843800835824368,0.0030126417883813506
uf4_bs_triplet,EDIIS,23,-451.2285356583443,0.012033861503482512,0.0011901897420932472
uf4_bs_triplet,EDIIS,24,-451.228535662432,4.087723937118426e-09,0.0011901884254426995
uf4_bs_triplet,EDIIS,25,-451.2285356609178,1.514194991614204e-09,0.0011901888513706344
uf4_bs_triplet,EDIIS,26,-451.22853566359674,2.67891664407216e-09,0.0011901881052198415
uf4_bs_triplet,EDIIS,27,-451.2285356626394,9.573568604537286e-10,0.0011901883467420537
uf4_bs_triplet,EDIIS,28,-451.22853566383196,1.1925749276997522e-09,0.0011901879347834042
uf4_bs_triplet,EDIIS,29,-451.22853566425886,4.268940756446682e-10,0.0011901878427346589
uf4_bs_triplet,EDIIS,30,-451.2285356645407,2.8182967071188614e-10,0.0011901877687426794
uf4_bs_triplet,EDIIS,31,-451.22853565973037,4.8103174776770175e-09,0.0011901888771154697
uf4_bs_triplet,EDIIS,32,-451.22853566297454,3.244167601224035e-09,0.0011901882846347342
uf4_bs_triplet,EDIIS,33,-451.2285356611429,1.8316086425329559e-09,0.0011901887528947127
uf4_bs_triplet,EDIIS,34,-451.2285356621188,9.75887815002352e-10,0.0011901885517608365
uf4_bs_triplet,EDIIS,35,-451.228535662647,5.281890480546281e-10,0.0011901883564886145
uf4_bs_triplet,EDIIS,36,-451.2285356622991,3.4788172342814505e-10,0.001190188479121258
uf4_bs_triplet,EDIIS,37,-451.22853566230935,1.0231815394945443e-11,0.001190188360128344
uf4_bs_triplet,EDIIS,38,-451.22853565495745,7.351900421781465e-09,0.0011901897700251772
uf4_bs_triplet,EDIIS,39,-451.2285356639769,9.01945895748213e-09,0.0011901878941956675
uf4_bs_triplet,EDIIS,40,-451.2285356634435,5.334186425898224e-10,0.0011901880140086716
uf4_bs_triplet,EDIIS,41,-451.2278423479147,0.0006933155287924819,0.0014090749456826224
uf4_bs_triplet,EDIIS,42,-451.2282558668021,0.0004135188873988227,0.0013151366447142065
uf4_bs_triplet,EDIIS,43,-451.22137485260816,0.006881014193936608,0.0025143199704326987
uf4_bs_triplet,EDIIS,44,-451.2298801250057,0.008505272397542285,0.0009101774810328067
uf4_bs_triplet,EDIIS,45,-451.22988011163477,1.3370936358114704e-08,0.0009101825042884747
uf4_bs_triplet,EDIIS,46,-451.2298801251567,1.352191247860901e-08,0.0009101774447211905
uf4_bs_triplet,EDIIS,47,-451.229880123636,1.520675141364336e-09,0.000910178101051797
uf4_bs_triplet,EDIIS,48,-451.22988012504493,1.4089209798839875e-09,0.0009101774816381404
uf4_bs_triplet,EDIIS,49,-451.22988012531107,2.661408871063031e-10,0.0009101773870930833
uf4_bs_triplet,EDIIS,50,-451.229880125489,1.7791990103432909e-10,0.0009101773192787825
uf4_bs_triplet,EDIIS,51,-451.2298801251028,3.8619418774032965e-10,0.0009101774458676032
uf4_bs_triplet,EDIIS,52,-451.2298801248297,2.730757842073217e-10,0.0009101776074288498
uf4_bs_triplet,EDIIS,53,-451.22988012545636,6.266418495215476e-10,0.0009101773493602623
uf4_bs_triplet,EDIIS,54,-451.2298801248958,5.605897968052886e-10,0.0009101775389848954
uf4_bs_triplet,EDIIS,55,-451.22988012451776,3.780087354243733e-10,0.0009101778504247315
uf4_bs_triplet,EDIIS,56,-451.2298801249427,4.249613994034007e-10,0.0009101775188075961
uf4_bs_triplet,EDIIS,57,-451.22988011878715,6.1555738284369e-09,0.0009101795538136118
uf4_bs_triplet,EDIIS,58,-451.2298801254475,6.660343387920875e-09,0.0009101773252713299
uf4_bs_triplet,EDIIS,59,-451.2298801249773,4.702087608166039e-10,0.0009101774959454473
uf4_bs_triplet,EDIIS,60,-451.2298801178557,7.121570888557471e-09,0.0009101806034407016
uf4_bs_triplet,EDIIS,61,-451.22988012570625,7.850530892028473e-09,0.0009101771785025408
uf4_bs_triplet,EDIIS,62,-451.2294575112271,0.0004226144791346087,0.0011065805815955484
uf4_bs_triplet,EDIIS,63,-451.2291318764795,0.000325634747582626,0.0012521307754990061
uf4_bs_triplet,EDIIS,64,-451.22401051774125,0.005121358738279014,0.002269406151263133
uf4_bs_triplet,EDIIS,65,-451.23026743602725,0.006256918285998836,0.0011022581038823908
uf4_bs_triplet,EDIIS,66,-451.2307660110615,0.0004985750342711981,0.0009757657707602057
uf4_bs_triplet,EDIIS,67,-451.2307660116734,6.118625606177375e-10,0.000975765122148495
uf4_bs_triplet,EDIIS,68,-451.2307660071747,4.498701855482068e-09,0.0009757667252612283
uf4_bs_triplet,EDIIS,69,-451.23076600823083,1.056150722433813e-09,0.0009757663951424483
uf4_bs_triplet,EDIIS,70,-451.23076600768377,5.470610631164163e-10,0.0009757664976666172
uf4_bs_triplet,EDIIS,71,-451.23076600892136,1.237594915437512e-09,0.0009757662167980165
uf4_bs_triplet,EDIIS,72,-451.23076600878346,1.3790213415632024e-10,0.000975766234317492
uf4_bs_triplet,EDIIS,73,-451.23076600836043,4.2302872316213325e-10,0.0009757663892260017
uf4_bs_triplet,EDIIS,74,-451.23076599289755,1.546288785903016e-08,0.0009757717541657389
uf4_bs_triplet,EDIIS,75,-451.23076600974866,1.6851117834448814e-08,0.0009757659174909485
uf4_bs_triplet,EDIIS,76,-451.2307660086068,1.1418705980759114e-09,0.0009757663218447882
uf4_bs_triplet,EDIIS,77,-451.23076600887816,2.7137048164149746e-10,0.0009757662455907515
uf4_bs_triplet,EDIIS,78,-451.2307660090046,1.2641976354643703e-10,0.0009757662491657399
uf4_bs_triplet,EDIIS,79,-451.2307660132079,4.2033434510813095e-09,0.0009757646724634387
uf4_bs_triplet,EDIIS,80,-451.23076601001105,3.1968738767318428e-09,0.0009757659615039858
uf4_bs_triplet,EDIIS,81,-451.23076601830985,8.298798093164805e-09,0.0009757640209936732
uf4_bs_triplet,EDIIS,82,-451.2307660084051,9.904738362820353e-09,0.0009757663782580635
uf4_bs_triplet,EDIIS,83,-451.2307660084326,2.751221472863108e-11,0.0009757663693932947
uf4_bs_triplet,EDIIS,84,-451.2303322942528,0.00043371417984872096,0.0011996611372520204
uf4_bs_triplet,EDIIS,85,-451.22622349644985,0.004108797802928166,0.002103429062778513
uf4_bs_triplet,EDIIS,86,-451.23133938633725,0.005115889887406411,0.0011775684391601444
uf4_bs_triplet,EDIIS,87,-451.23270059743083,0.0013612110935810051,0.0008326643036483108
uf4_bs_triplet,EDIIS,88,-451.23270059922095,1.790112946764566e-09,0.0008326634163248026
uf4_bs_triplet,EDIIS,89,-451.2327005993301,1.0913936421275139e-10,0.000832663356706643
uf4_bs_triplet,EDIIS,90,-451.2327005987536,5.765059540863149e-10,0.0008326635920066638
uf4_bs_triplet,EDIIS,91,-451.23270060069194,1.9383605831535533e-09,0.0008326628183367148
uf4_bs_triplet,EDIIS,92,-451.2327005997812,9.10745256987866e-10,0.0008326632175217512
uf4_bs_triplet,EDIIS,93,-451.23270059443416,5.347033038560767e-09,0.0008326655798392847
uf4_bs_triplet,EDIIS,94,-451.232700591706,2.72814304480562e-09,0.0008326668286439186
uf4_bs_triplet,EDIIS,95,-451.23270059907315,7.367134458036162e-09,0.0008326634943442434
uf4_bs_triplet,EDIIS,96,-451.23270059928075,2.0759216567967087e-10,0.00083266335835819
uf4_bs_triplet,EDIIS,97,-451.23270059872664,5.541096470551565e-10,0.0008326636461914848
uf4_bs_triplet,EDIIS,98,-451.2327005993591,6.3243987824535e-10,0.0008326633665039037
uf4_bs_triplet,EDIIS,99,-451.2327005991971,1.6200374375330284e-10,0.0008326633794818713
uf4_bs_triplet,EDIIS,100,-451.23270060139237,2.1952928364044055e-09,0.0008326625375506521
uf4_bs_triplet,EDIIS,101,-451.2327005992465,2.1458390619955026e-09,0.0008326634055193642
uf4_bs_triplet,EDIIS,102,-451.2327006029128,3.6662868296843953e-09,0.0008326616526956071
uf4_bs_triplet,EDIIS,103,-451.23270060036805,2.5447661755606532e-09,0.0008326628591274499
uf4_bs_triplet,EDIIS,104,-451.23270059736,3.0080400392762385e-09,0.0008326638417975515
uf4_bs_triplet,EDIIS,105,-451.2319176238452,0.0007829735147879546,0.0011839369933281784
uf4_bs_triplet,EDIIS,106,-451.22882639603984,0.003091227805384733,0.001976026314898845
uf4_bs_triplet,EDIIS,107,-451.2331010332406,0.0042746372007513855,0.00127965822062939
uf4_bs_triplet,EDIIS,108,-451.23496442323426,0.0018633899936730813,0.0009577601229806037
uf4_bs_triplet,EDIIS,109,-451.2349644243576,1.123339643527288e-09,0.0009577597099695651
uf4_bs_triplet,EDIIS,110,-451.2349644243375,2.0122570276726037e-11,0.0009577596983687011
uf4_bs_triplet,EDIIS,111,-451.23543174118174,0.00046731684426504216,0.0009038801551853303
uf4_bs_triplet,EDIIS,112,-451.2354317438512,2.669480636541266e-09,0.0009038793476651021
uf4_bs_triplet,EDIIS,113,-451.23543174075655,3.09466940962011e-09,0.0009038803195478678
uf4_bs_triplet,EDIIS,114,-451.2349644239738,0.00046731678276046296,0.0009577599133955703
uf4_bs_triplet,EDIIS,115,-451.23543174745873,0.00046732348494060716,0.0009038782887042378
uf4_bs_triplet,EDIIS,116,-451.2354317462656,1.1931433618883602e-09,0.0009038785846678657
uf4_bs_triplet,EDIIS,117,-451.23543174471513,1.5504610928473994e-09,0.000903879064288904
uf4_bs_triplet,EDIIS,118,-451.2354317380351,6.680011210846715e-09,0.0009038811837440988
uf4_bs_triplet,EDIIS,119,-451.2354317449823,6.947175279492512e-09,0.000903878981815153
uf4_bs_triplet,EDIIS,120,-451.235431760025,1.5042701306811068e-08,0.0009038739569257793
uf4_bs_triplet,EDIIS,121,-451.23543174459917,1.5425825949932914e-08,0.0009038790976524702
uf4_bs_triplet,EDIIS,122,-451.235431762707,1.8107812138623558e-08,0.0009038735796793963
uf4_bs_triplet,EDIIS,123,-451.2354317437894,1.891760348371463e-08,0.0009038793717144963
uf4_bs_triplet,EDIIS,124,-451.2354317442703,4.808953235624358e-10,0.0009038791951572852
uf4_bs_triplet,EDIIS,125,-451.2354317459975,1.7272441255045123e-09,0.0009038785436006724
uf4_bs_triplet,EDIIS,126,-451.2354317446765,1.3210410543251783e-09,0.0009038790749493239
uf4_bs_triplet,EDIIS,127,-451.2339245690606,0.0015071756158704375,0.0016319433112789983
uf4_bs_triplet,EDIIS,128,-451.23738076003815,0.003456190977544793,0.0011017913724083327
uf4_bs_triplet,EDIIS,129,-451.239712040105,0.0023312800668691125,0.0008099242085606453
uf4_bs_triplet,EDIIS,130,-451.239712040306,2.0099832909181714e-10,0.0008099241373837722
uf4_bs_triplet,EDIIS,131,-451.239712041315,1.0089706847793423e-09,0.0008099237790116832
uf4_bs_triplet,EDIIS,132,-451.23971204057136,7.436256055370905e-10,0.0008099240427699041
uf4_bs_triplet,EDIIS,133,-451.2397120401787,3.9267433749046177e-10,0.0008099241831598207
uf4_bs_triplet,EDIIS,134,-451.239712039506,6.72685018798802e-10,0.0008099244212130375
uf4_bs_triplet,EDIIS,135,-451.2397120401895,6.834852683823556e-10,0.0008099241787554902
uf4_bs_triplet,EDIIS,136,-451.23971204025486,6.536993168992922e-11,0.0008099241554877023
uf4_bs_triplet,EDIIS,137,-451.23971204022484,3.001332515850663e-11,0.0008099241663243431
uf4_bs_triplet,EDIIS,138,-451.2397120397105,5.143192538525909e-10,0.0008099243485133215
uf4_bs_triplet,EDIIS,139,-451.23971204212035,2.409819899185095e-09,0.0008099234937992845
uf4_bs_triplet,EDIIS,140,-451.23971204039776,1.722582965157926e-09,0.0008099241045213491
uf4_bs_triplet,EDIIS,141,-451.23971204171005,1.3122871678206138e-09,0.0008099236391080877
uf4_bs_triplet,EDIIS,142,-451.23971204958445,7.874405127950013e-09,0.0008099208450448848
uf4_bs_triplet,EDIIS,143,-451.23971203840074,1.1183715287188534e-08,0.0008099248134745229
uf4_bs_triplet,EDIIS,144,-451.2397120394163,1.015564521367196e-09,0.0008099244534195462
uf4_bs_triplet,EDIIS,145,-451.2397120406782,1.261923898709938e-09,0.0008099240046000479
uf4_bs_triplet,EDIIS,146,-451.24017076326186,0.00045872258363033325,0.0006993295147129175
uf4_bs_triplet,EDIIS,147,-451.23971204030477,0.00045872295709159516,0.0008099241382436206
uf4_bs_triplet,EDIIS,148,-451.2408304873343,0.0011184470295120263,0.001246465653568257
uf4_bs_triplet,EDIIS,149,-451.243461270116,0.002630782781693597,0.0008569091268945248
uf4_bs_triplet,EDIIS,150,-451.24595995985226,0.002498689736285087,0.0004016160019495611
uf4_bs_triplet,EDIIS,151,-451.24609459209023,0.0001346322379731646,0.0003598096596980986
uf4_bs_triplet,EDIIS,152,-451.2460945920534,3.6834535421803594e-11,0.00035980967488426864
uf4_bs_triplet,EDIIS,153,-451.2479521911164,0.001857599062986992,0.00046797078821546545
uf4_bs_triplet,EDIIS,154,-451.24898240602374,0.0010302149073595501,0.0007790589912514896
uf4_bs_triplet,EDIIS,155,-451.24609459206897,0.0028878139547714454,0.00035980966771828046
uf4_bs_triplet,EDIIS,156,-451.2460945920467,2.2282620193436742e-11,0.00035980967768610965
uf4_bs_triplet,EDIIS,157,-451.24609459235194,3.0524915928253904e-10,0.0003598095524725343
uf4_bs_triplet,EDIIS,158,-451.24795219119176,0.0018575988398197296,0.00046797076256156425
uf4_bs_triplet,EDIIS,159,-451.2479521911921,3.410605131648481e-13,0.00046797076256259906
uf4_bs_triplet,EDIIS,160,-451.24795219119267,5.684341886080801e-13,0.0004679707625591192
uf4_bs_triplet,EDIIS,161,-451.24795219119187,7.958078640513122e-13,0.0004679707625610675
uf4_bs_triplet,EDIIS,162,-451.2492576765179,0.001305485326042799,0.0010762363771571642
uf4_bs_triplet,EDIIS,163,-451.2508151711203,0.001557494602366205,0.00048391287959859836
uf4_bs_triplet,EDIIS,164,-451.2505527199311,0.00026245118920087407,0.0004979467881444637
uf4_bs_triplet,EDIIS,165,-451.2514574580082,0.0009047380771107782,0.0004443301112673115
uf4_bs_triplet,EDIIS,166,-451.2514574569451,1.0630856195348315e-09,0.00044433112692754585
uf4_bs_triplet,EDIIS,167,-451.2524248801234,0.0009674231782810239,0.00035197802141466266
uf4_bs_triplet,EDIIS,168,-451.25145745755583,0.0009674225675553316,0.00044433054399956355
uf4_bs_triplet,EDIIS,169,-451.2514574581256,5.697984306607395e-10,0.0004443299994872571
uf4_bs_triplet,EDIIS,170,-451.25145745820316,7.753442332614213e-11,0.000444329924379014
uf4_bs_triplet,EDIIS,171,-451.2524248805654,0.0009674223622369027,0.0003519777513689205
uf4_bs_triplet,EDIIS,172,-451.2524248564665,2.409888111287728e-08,0.0003519946336370669
uf4_bs_triplet,EDIIS,173,-451.2524249182619,6.179539013828617e-08,0.0003519514973203944
uf4_bs_triplet,EDIIS,174,-451.25242488057677,3.7685140341636725e-08,0.00035197774436129657
uf4_bs_triplet,EDIIS,175,-451.2524248803612,2.15550244320184e-10,0.00035197789399863
uf4_bs_triplet,EDIIS,176,-451.2524248795004,8.608367352280766e-10,0.00035197849539765895
uf4_bs_triplet,EDIIS,177,-451.25242488108506,1.5846808310016058e-09,0.0003519773889530187
uf4_bs_triplet,EDIIS,178,-451.2530038923195,0.0005790112344357112,0.0005686454496497958
uf4_bs_triplet,EDIIS,179,-451.25322002957626,0.0002161372567570652,0.0007323443342566334
uf4_bs_triplet,EDIIS,180,-451.2542906246316,0.0010705950553528965,0.000272642998753154
uf4_bs_triplet,EDIIS,181,-451.2542906247485,1.1687006917782128e-10,0.00027264281674495647
uf4_bs_triplet,EDIIS,182,-451.2546580785514,0.0003674538029372343,0.00022818831682924653
uf4_bs_triplet,EDIIS,183,-451.2545370720817,0.00012100646972612594,0.0003384517427663823
uf4_bs_triplet,EDIIS,184,-451.2542906247064,0.0002464473752752383,0.0002726428772154965
uf4_bs_triplet,EDIIS,185,-451.2542906247892,8.276401786133647e-11,0.00027264275237193696
uf4_bs_triplet,EDIIS,186,-451.25429062486023,7.105427357601002e-11,0.00027264264027350096
uf4_bs_triplet,EDIIS,187,-451.2542906247028,1.574562702444382e-10,0.00027264288436481805
uf4_bs_triplet,EDIIS,188,-451.25469922134846,0.0004085966456841561,0.00022357647453766441
uf4_bs_triplet,EDIIS,189,-451.25469922135676,8.29913915367797e-12,0.00022357646590043842
uf4_bs_triplet,EDIIS,190,-451.25469922059244,7.643166100024246e-10,0.00022357731615815324
uf4_bs_triplet,EDIIS,191,-451.25469922145305,8.606093615526333e-10,0.00022357635942272814
uf4_bs_triplet,EDIIS,192,-451.2546992214692,1.6143530956469476e-11,0.00022357634393826135
uf4_bs_triplet,EDIIS,193,-451.25496707645607,0.0002678549868733171,0.00020906553037359815
uf4_bs_triplet,EDIIS,194,-451.25522494986205,0.000257873405985265,0.00022454259657008865
uf4_bs_triplet,EDIIS,195,-451.2550799693554,0.00014498050666134077,0.00014791392847810102
uf4_bs_triplet,EDIIS,196,-451.2550799699386,5.832134775118902e-10,0.00014791274815533753
uf4_bs_triplet,EDIIS,197,-451.2550799694336,5.049969331594184e-10,0.00014791376811058672
uf4_bs_triplet,EDIIS,198,-451.255313451196,0.00023348176239323948,0.00041264239481339195
uf4_bs_triplet,EDIIS,199,-451.2554913519799,0.00017790078391044517,0.0001335202300118271
uf4_bs_triplet,EDIIS,200,-451.2555197908547,2.843887477865792e-05,0.00016987645570843863
uf4_bs_triplet,EDIIS,201,-451.2556457291513,0.00012593829660545452,0.00028536090978977197
uf4_bs_triplet,EDIIS,202,-451.2558668670724,0.00022113792113032105,0.0001319919287175165
uf4_bs_triplet,EDIIS,203,-451.25561817359153,0.00024869348089850973,0.00019078004375686755
uf4_bs_triplet,EDIIS,204,-451.25585959077046,0.00024141717892689485,0.0001223963266732833
uf4_bs_triplet,EDIIS,205,-451.25586686707413,7.2763036769174505e-06,0.00013199195584503092
uf4_bs_triplet,EDIIS,206,-451.25586686707277,1.3642420526593924e-12,0.00013199193251881456
uf4_bs_triplet,EDIIS,207,-451.25586686731276,2.3999291443033144e-10,0.00013199182224028194
uf4_bs_triplet,EDIIS,208,-451.25586686732765,1.48929757415317e-11,0.00013198512108010017
uf4_bs_triplet,EDIIS,209,-451.25586686737995,5.2295945351943374e-11,0.00013199280781099157
uf4_bs_triplet,EDIIS,210,-451.2558668675498,1.6984813555609435e-10,0.0001319886487137947
uf4_bs_triplet,EDIIS,211,-451.2560017108343,0.00013484328451340843,0.00019577864349642023
uf4_bs_triplet,EDIIS,212,-451.2560002673803,1.4434540389629547e-06,0.000369924771090439
uf4_bs_triplet,EDIIS,213,-451.25620059528876,0.00020032790848745208,0.00022099411282783805
uf4_bs_triplet,EDIIS,214,-451.2563457619907,0.0001451667019409797,8.885465346637846e-05
uf4_bs_triplet,EDIIS,215,-451.2563484830299,2.721039209063747e-06,0.00011467383265587587
uf4_bs_triplet,EDIIS,216,-451.25620058631796,0.00014789671195103438,0.00022102568379532005
uf4_bs_triplet,EDIIS,217,-451.2562324248279,3.183850992627413e-05,8.357500315682474e-05
uf4_bs_triplet,EDIIS,218,-451.2561716512655,6.077356238165521e-05,0.00018301372264872283
uf4_bs_triplet,EDIIS,219,-451.2563476045149,0.00017595324936792167,0.00010647289160090374
uf4_bs_triplet,EDIIS,220,-451.2563515330329,3.928518026441452e-06,0.0001070246116308117
uf4_bs_triplet,EDIIS,221,-451.256351472623,6.040988864697283e-08,0.00010717334806159844
uf4_bs_triplet,EDIIS,222,-451.2563514762031,3.5801122066914104e-09,0.0001071664023644112
uf4_bs_triplet,EDIIS,223,-451.25635149362677,1.7423644749214873e-08,0.00010711947593457948
uf4_bs_triplet,EDIIS,224,-451.25635149553045,1.9036860976484604e-09,0.000107114564234809
uf4_bs_triplet,EDIIS,225,-451.2563515166927,2.1162236407690216e-08,0.00010706271150383075
uf4_bs_triplet,EDIIS,226,-451.25635150798735,8.705342224857304e-09,0.00010708279319858519
uf4_bs_triplet,EDIIS,227,-451.25635154051406,3.252671376685612e-08,0.00010700236679708517
uf4_bs_triplet,EDIIS,228,-451.2564611549086,0.0001096143945460426,9.37604559563926e-05
uf4_bs_triplet,EDIIS,229,-451.2564611530478,1.8608261598274112e-09,9.375820721430505e-05
uf4_bs_triplet,EDIIS,230,-451.25646115368124,6.334630597848445e-10,9.375923717464496e-05
uf4_bs_triplet,EDIIS,231,-451.2564613054469,1.517656755822827e-07,9.428861193973302e-05
uf4_bs_triplet,EDIIS,232,-451.2564611616532,1.4379372714756755e-07,9.375370998721756e-05
uf4_bs_triplet,EDIIS,233,-451.2565377171371,7.655548392904166e-05,0.0001463994334631891
uf4_bs_triplet,EDIIS,234,-451.25653952694813,1.8098110103892395e-06,0.000272744852276829
uf4_bs_triplet,EDIIS,235,-451.25661729348633,7.77665381974657e-05,0.0001217229075077858
uf4_bs_triplet,EDIIS,236,-451.2565926528215,2.464066483298666e-05,0.00014470077299022271
uf4_bs_triplet,EDIIS,237,-451.25661037994826,1.7727126760291867e-05,0.00017377531925542286
uf4_bs_triplet,EDIIS,238,-451.2566535556126,4.3175664359296206e-05,0.00015726977713415494
uf4_bs_triplet,EDIIS,239,-451.25666160579476,8.050182145780127e-06,8.862870089233277e-05
uf4_bs_triplet,EDIIS,240,-451.25660517374456,5.6432050200783124e-05,0.00018907041485919927
uf4_bs_triplet,EDIIS,241,-451.25659285360257,1.2320141991040146e-05,0.00021435621015720657
uf4_bs_triplet,EDIIS,242,-451.25673575443045,0.00014290082788193104,8.0189105558874e-05
uf4_bs_triplet,EDIIS,243,-451.2567357739845,1.9554022401280235e-08,8.012420916803429e-05
uf4_bs_triplet,EDIIS,244,-451.256735771883,2.1015011952840723e-09,8.013046205813036e-05
uf4_bs_triplet,EDIIS,245,-451.25673576474503,7.137941793189384e-09,8.015451716444299e-05
uf4_bs_triplet,EDIIS,246,-451.25673576214456,2.600472726044245e-09,8.01649971434723e-05
uf4_bs_triplet,EDIIS,247,-451.2567357623677,2.2316726244753227e-10,8.0161223169125e-05
uf4_bs_triplet,EDIIS,248,-451.25673577700616,1.4638430911873002e-08,8.011422428073698e-05
uf4_bs_triplet,EDIIS,249,-451.25673577808334,1.0771827874123119e-09,8.011155218088968e-05
uf4_bs_triplet,ADIIS,0,-451.2012975344537,,0.00321425659338412
uf4_bs_triplet,ADIIS,1,-451.18546767195994,0.01582986249377427,0.0048008026989865326
uf4_bs_triplet,ADIIS,2,-451.22748143697174,0.04201376501180221,0.001090524819667141
uf4_bs_triplet,ADIIS,3,-451.2246500496052,0.002831387366541094,0.001973110475345041
uf4_bs_triplet,ADIIS,4,-451.2302603654666,0.005610315861417803,0.00024767561623962995
uf4_bs_triplet,ADIIS,5,-451.230520904287,0.00026053882038468146,0.00030532105174777534
uf4_bs_triplet,ADIIS,6,-451.2304004705461,0.00012043374090353609,0.0006237727973998232
uf4_bs_triplet,ADIIS,7,-451.23105529921474,0.0006548286686438587,0.0002614427502255979
uf4_bs_triplet,ADIIS,8,-451.23118939326093,0.00013409404618869303,0.0004963850649799527
uf4_bs_triplet,ADIIS,9,-451.23128107201137,9.167875043658569e-05,0.0006310547442323297
uf4_bs_triplet,ADIIS,10,-451.2320765007124,0.0007954287010534244,0.0003241586962474202
uf4_bs_triplet,ADIIS,11,-451.2322309002294,0.00015439951698681398,0.0006445282908356164
uf4_bs_triplet,ADIIS,12,-451.23254129040436,0.00031039017494549626,0.0007570987175434163
uf4_bs_triplet,ADIIS,13,-451.23372688012853,0.0011855897241730418,0.0004311410501807559
uf4_bs_triplet,ADIIS,14,-451.23382133156815,9.445143962238944e-05,0.0009492480813055098
uf4_bs_triplet,ADIIS,15,-451.2350115264951,0.0011901949269486067,0.0007330343197215375
uf4_bs_triplet,ADIIS,16,-451.23636510855374,0.0013535820586412228,0.0007450561353845112
uf4_bs_triplet,ADIIS,17,-451.23555233684385,0.0008127717098886933,0.0015119938987664203
uf4_bs_triplet,ADIIS,18,-451.23945827816294,0.003905941319089834,0.0005338010681683747
uf4_bs_triplet,ADIIS,19,-451.24066183651996,0.001203558357019574,0.0009869350173669076
uf4_bs_triplet,ADIIS,20,-451.2368862754697,0.0037755610502472337,0.0023324075974010864
uf4_bs_triplet,ADIIS,21,-451.24504424075405,0.008157965284340207,0.00032041656270208416
uf4_bs_triplet,ADIIS,22,-451.24721666494486,0.0021724241908032127,0.00030728911748538007
uf4_bs_triplet,ADIIS,23,-451.24812145714554,0.0009047922006857334,0.0003351697496550622
uf4_bs_triplet,ADIIS,24,-451.2496387502217,0.0015172930761764292,0.00043977841198572114
uf4_bs_triplet,ADIIS,25,-451.2502176437805,0.0005788935587816013,0.0008694162027154116
uf4_bs_triplet,ADIIS,26,-451.24886635231974,0.0013512914607645143,0.0015249639867458717
uf4_bs_triplet,ADIIS,27,-451.2526835383617,0.0038171860419424775,0.0002335174522213204
uf4_bs_triplet,ADIIS,28,-451.25351897288306,0.000835434521377465,0.0002646212625786338
uf4_bs_triplet,ADIIS,29,-451.2539637710919,0.0004447982088322533,0.00046792397383430516
uf4_bs_triplet,ADIIS,30,-451.25339399797383,0.0005697731180589471,0.0009662293748855552
uf4_bs_triplet,ADIIS,31,-451.254545382781,0.0011513848071444954,0.0005288906769049299
uf4_bs_triplet,ADIIS,32,-451.25501799738265,0.00047261460167646874,0.0003992130929487259
uf4_bs_triplet,ADIIS,33,-451.2549903373266,2.766005604826205e-05,0.0005939159029124052
uf4_bs_triplet,ADIIS,34,-451.2555613683834,0.0005710310567792476,0.00021227498229515947
uf4_bs_triplet,ADIIS,35,-451.25556638275077,5.014367388866958e-06,0.00043600884277949836
uf4_bs_triplet,ADIIS,36,-451.2558069295768,0.00024054682603491528,0.0002927964340907822
uf4_bs_triplet,ADIIS,37,-451.25598345457126,0.00017652499445830472,0.00025716589382066105
uf4_bs_triplet,ADIIS,38,-451.2559129894771,7.046509415431501e-05,0.000455091658991885
uf4_bs_triplet,ADIIS,39,-451.2562499995846,0.00033701010750064597,0.0001294544170130158
uf4_bs_triplet,ADIIS,40,-451.2563096037379,5.9604153307191154e-05,0.00024152003835962508
uf4_bs_triplet,ADIIS,41,-451.2560936449494,0.00021595878854441253,0.0005313644661744308
uf4_bs_triplet,ADIIS,42,-451.25651967208034,0.0004260271309703967,7.02379268537375e-05
uf4_bs_triplet,ADIIS,43,-451.2566067041347,8.703205435267591e-05,7.76902224770452e-05
uf4_bs_triplet,ADIIS,44,-451.2566727616668,6.605753208077658e-05,0.00011854776132458916
uf4_bs_triplet,ADIIS,45,-451.25667961987597,6.858209189886111e-06,0.00023707984664219432
uf4_bs_triplet,ADIIS,46,-451.2567580242476,7.840437160666625e-05,0.0001509402913154452
uf4_bs_triplet,ADIIS,47,-451.2568057386982,4.771445060214319e-05,0.0001569190046953949
uf4_bs_triplet,ADIIS,48,-451.25678393039436,2.1808303813486418e-05,0.00026544060352943306
uf4_bs_triplet,ADIIS,49,-451.2568992524798,0.00011532208543485467,7.455893019381199e-05
uf4_bs_triplet,ADIIS,50,-451.256919761532,2.050905220585264e-05,0.0001396441885730508
uf4_bs_triplet,ADIIS,51,-451.2568525870855,6.717444648529636e-05,0.00030033357849688355
uf4_bs_triplet,ADIIS,52,-451.2569906268494,0.00013803976389681338,3.968408702175837e-05
uf4_bs_triplet,ADIIS,53,-451.2570201490968,2.9522247359636822e-05,3.998431002024091e-05
uf4_bs_triplet,ADIIS,54,-451.2570444589536,2.430985682622122e-05,5.086748901604005e-05
uf4_bs_triplet,ADIIS,55,-451.25705861583685,1.415688325323572e-05,9.08774807589326e-05
uf4_bs_triplet,ADIIS,56,-451.25707404744765,1.543161079098354e-05,6.796153890540997e-05
uf4_bs_triplet,ADIIS,57,-451.2570804358156,6.388367978615861e-06,0.00011074870263023538
uf4_bs_triplet,ADIIS,58,-451.25708983075106,9.394935432283091e-06,0.00011574014921246176
uf4_bs_triplet,ADIIS,59,-451.257114331823,2.4501071948179742e-05,6.374587452372925e-05
uf4_bs_triplet,ADIIS,60,-451.25710990874575,4.423077257342811e-06,0.0001281313521228476
uf4_bs_triplet,ADIIS,61,-451.2571353934969,2.5484751176918508e-05,4.898996173424484e-05
uf4_bs_triplet,ADIIS,62,-451.2571394982358,4.104738877686032e-06,8.664563878910849e-05
uf4_bs_triplet,ADIIS,63,-451.25714191380973,2.415573931102699e-06,0.00010496118426156342
uf4_bs_triplet,ADIIS,64,-451.2571534525413,1.1538731541804736e-05,6.884880465018286e-05
uf4_bs_triplet,ADIIS,65,-451.2571503067305,3.1458107514481526e-06,0.00011483237142941712
uf4_bs_triplet,ADIIS,66,-451.2571720952453,2.1788514800391567e-05,3.77289009321586e-05
uf4_bs_triplet,ADIIS,67,-451.25717608698073,3.99173541154596e-06,7.256354230496262e-05
uf4_bs_triplet,ADIIS,68,-451.25716724184065,8.845140087032632e-06,0.00013124255505845062
uf4_bs_triplet,ADIIS,69,-451.25719561130165,2.8369461006150232e-05,2.597923297332857e-05
uf4_bs_triplet,ADIIS,70,-451.25720493395204,9.322650385001907e-06,3.6719183962252975e-05
uf4_bs_triplet,ADIIS,71,-451.2572115198874,6.585935352632077e-06,6.803584038396874e-05
uf4_bs_triplet,ADIIS,72,-451.25720056468015,1.0955207244478515e-05,0.00014505516327091355
uf4_bs_triplet,ADIIS,73,-451.2572214725733,2.0907893144794798e-05,3.816538750724506e-05
uf4_bs_triplet,ADIIS,74,-451.25723032500775,8.852434461914527e-06,6.904465174125763e-05
uf4_bs_triplet,ADIIS,75,-451.257241727305,1.140229721841024e-05,8.43924777833684e-05
uf4_bs_triplet,ADIIS,76,-451.25725810196116,1.6374656183870684e-05,3.1293859893219245e-05
uf4_bs_triplet,ADIIS,77,-451.25727769132106,1.958935990842292e-05,3.4290803673751984e-05
uf4_bs_triplet,ADIIS,78,-451.2573007277198,2.30363987157034e-05,3.893813711576034e-05
uf4_bs_triplet,ADIIS,79,-451.25732725220746,2.6524487680035236e-05,4.915984528099128e-05
uf4_bs_triplet,ADIIS,80,-451.2573384066885,1.1154481057928933e-05,4.128548273076623e-05
uf4_bs_triplet,ADIIS,81,-451.2573591946583,2.0787969788216287e-05,4.542038194359819e-05
uf4_bs_triplet,ADIIS,82,-451.2573490104411,1.0184217217101832e-05,4.9432674808259005e-05
uf4_bs_triplet,ADIIS,83,-451.2573961950135,4.718457239505369e-05,5.658840290230291e-05
uf4_bs_triplet,ADIIS,84,-451.2574349985732,3.880355973251426e-05,8.868732144310782e-05
uf4_bs_triplet,ADIIS,85,-451.2574562662843,2.126771107668901e-05,0.0001730496655815065
uf4_bs_triplet,ADIIS,86,-451.2574213044759,3.4961808410116646e-05,0.0003018940251842045
uf4_bs_triplet,ADIIS,87,-451.25751852961207,9.722513618726225e-05,0.0001809687096693494
uf4_bs_triplet,ADIIS,88,-451.257562777982,4.4248369931665366e-05,0.000159394195984227
uf4_bs_triplet,ADIIS,89,-451.2575450167068,1.7761275216798822e-05,0.00016736000340916796
uf4_bs_triplet,ADIIS,90,-451.2576399634037,9.494669689047441e-05,9.091838599061154e-05
uf4_bs_triplet,ADIIS,91,-451.2577004768567,6.051345303603739e-05,0.00016185943601115522
uf4_bs_triplet,ADIIS,92,-451.2576702090349,3.0267821784946136e-05,0.00033893478267424973
uf4_bs_triplet,ADIIS,93,-451.25785411009826,0.00018390106333754375,0.00013824044777958815
uf4_bs_triplet,ADIIS,94,-451.25790123598233,4.712588406619034e-05,0.00025580489179706067
uf4_bs_triplet,ADIIS,95,-451.2578544629948,4.6772987502663455e-05,0.0004127906683338003
uf4_bs_triplet,ADIIS,96,-451.25770755457734,0.00014690841749143146,0.0005515385866281513
uf4_bs_triplet,ADIIS,97,-451.2582310477288,0.0005234931514905838,8.339870891289421e-05
uf4_bs_triplet,ADIIS,98,-451.2583742501239,0.00014320239506560029,8.530136304843473e-05
uf4_bs_triplet,ADIIS,99,-451.2581745833928,0.00019966673107774113,0.0004251841386677086
uf4_bs_triplet,ADIIS,100,-451.2585227989624,0.00034821556960196176,8.626309310102209e-05
uf4_bs_triplet,ADIIS,101,-451.2586735036433,0.00015070468089106726,8.66145444689941e-05
uf4_bs_triplet,ADIIS,102,-451.2588229916121,0.00014948796876979031,8.63207045231942e-05
uf4_bs_triplet,ADIIS,103,-451.25890754469924,8.455308716293075e-05,8.616015663080093e-05
uf4_bs_triplet,ADIIS,104,-451.25900707421454,9.952951529612619e-05,8.330919277178624e-05
uf4_bs_triplet,ADIIS,105,-451.25914360771276,0.00013653349822106975,8.092708852058188e-05
uf4_bs_triplet,ADIIS,106,-451.2592703929753,0.00012678526252329902,7.804135112021699e-05
uf4_bs_triplet,ADIIS,107,-451.2593306830287,6.0290053397693555e-05,7.831891203054784e-05
uf4_bs_triplet,ADIIS,108,-451.2594378835688,0.00010720054012836044,8.28314651964689e-05
uf4_bs_triplet,ADIIS,109,-451.259474197563,3.6313994201009336e-05,7.036053616375395e-05
uf4_bs_triplet,ADIIS,110,-451.25949995964754,2.5762084533198504e-05,6.960511813683169e-05
uf4_bs_triplet,ADIIS,111,-451.2595875884359,8.762878837842436e-05,7.079087474690343e-05
uf4_bs_triplet,ADIIS,112,-451.25965813818834,7.054975242226647e-05,8.840581868579031e-05
uf4_bs_triplet,ADIIS,113,-451.2596961787714,3.804058303558122e-05,0.00015897674638037324
uf4_bs_triplet,ADIIS,114,-451.2597266098202,3.0431048799073324e-05,0.00016276094301557225
uf4_bs_triplet,ADIIS,115,-451.2597750975124,4.848769219734095e-05,0.00013974108702633143
uf4_bs_triplet,ADIIS,116,-451.25977575598426,6.584718903468456e-07,0.0002077841146068289
uf4_bs_triplet,ADIIS,117,-451.2598450681361,6.931215182248707e-05,9.308940484703203e-05
uf4_bs_triplet,ADIIS,118,-451.25985044933157,5.3811954785487615e-06,0.00015741414463347385
uf4_bs_triplet,ADIIS,119,-451.2598812436246,3.079429302488279e-05,0.00011705958803485806
uf4_bs_triplet,ADIIS,120,-451.25990653088843,2.5287263838436047e-05,9.636746282802425e-05
uf4_bs_triplet,ADIIS,121,-451.259903711016,2.819872406689683e-06,0.00015273056165440504
uf4_bs_triplet,ADIIS,122,-451.2599413523302,3.764131417938188e-05,5.787520460169363e-05
uf4_bs_triplet,ADIIS,123,-451.25994252496037,1.1726301636372227e-06,0.00011439584546992545
uf4_bs_triplet,ADIIS,124,-451.25995840922906,1.588426869147952e-05,8.325321418571216e-05
uf4_bs_triplet,ADIIS,125,-451.25997240846175,1.3999232692185615e-05,6.761186184610735e-05
uf4_bs_triplet,ADIIS,126,-451.2599666761157,5.732346039621916e-06,0.00012515673027744506
uf4_bs_triplet,ADIIS,127,-451.259991747576,2.507146029984142e-05,3.5650619059556126e-05
uf4_bs_triplet,ADIIS,128,-451.25999682190525,5.07432923768647e-06,6.380492049454197e-05
uf4_bs_triplet,ADIIS,129,-451.2599846769066,1.2144998663643491e-05,0.0001345651023996919
uf4_bs_triplet,ADIIS,130,-451.26001264036495,2.79634583648658e-05,2.0626953651823907e-05
uf4_bs_triplet,ADIIS,131,-451.2600197637345,7.123369528017065e-06,2.027352340648795e-05
uf4_bs_triplet,ADIIS,132,-451.26002605775477,6.294020295172231e-06,2.2248017011314176e-05
uf4_bs_triplet,ADIIS,133,-451.2600310685152,5.0107604465665645e-06,3.251732367564627e-05
uf4_bs_triplet,ADIIS,134,-451.26003217162554,1.1031103213099414e-06,6.29018324283802e-05
uf4_bs_triplet,ADIIS,135,-451.2600355767564,3.4051308830385096e-06,6.0429572941883905e-05
uf4_bs_triplet,ADIIS,136,-451.26003956661316,3.9898567365526105e-06,1.6666291226129017e-05
uf4_bs_triplet,ADIIS,137,-451.260044251385,4.684771852225822e-06,1.6090599453541652e-05
uf4_bs_triplet,ADIIS,138,-451.26004851252515,4.261140134076413e-06,1.6136626471149793e-05
uf4_bs_triplet,ADIIS,139,-451.260052290266,3.777740857913159e-06,1.8752608724025294e-05
uf4_bs_triplet,ADIIS,140,-451.2600551180717,2.8278057015995728e-06,2.9704404818300696e-05
uf4_bs_triplet,ADIIS,141,-451.26005455940367,5.586680345004424e-07,5.958038266675972e-05
uf4_bs_triplet,ADIIS,142,-451.2600598700109,5.310607207320572e-06,2.9030902453696816e-05
uf4_bs_triplet,ADIIS,143,-451.26006013320205,2.631911684147781e-07,2.5864673210961202e-05
uf4_bs_triplet,ADIIS,144,-451.26006129557084,1.1623687896644697e-06,4.312188395407873e-05
uf4_bs_triplet,ADIIS,145,-451.2600619361955,6.4062464844028e-07,5.310432479424407e-05
uf4_bs_triplet,ADIIS,146,-451.2600668781679,4.941972406413697e-06,2.2724380526333884e-05
uf4_bs_triplet,ADIIS,147,-451.2600672424252,3.6425728922040435e-07,4.445535247908806e-05
uf4_bs_triplet,ADIIS,148,-451.2600693828675,2.1404423478088574e-06,3.7443576764202e-05
uf4_bs_triplet,ADIIS,149,-451.26007220936526,2.8264977345315856e-06,2.671408572628436e-05
uf4_bs_triplet,ADIIS,150,-451.2600710703184,1.139046844400582e-06,5.413380409270418e-05
uf4_bs_triplet,ADIIS,151,-451.260075707375,4.637056576939358e-06,1.6131021815754395e-05
uf4_bs_triplet,ADIIS,152,-451.26007678239137,1.0750163710326888e-06,2.884914885263337e-05
uf4_bs_triplet,ADIIS,153,-451.26007441556305,2.366828312005964e-06,6.093294067538368e-05
uf4_bs_triplet,ADIIS,154,-451.2600789922776,4.576714559334505e-06,3.303651020312257e-05
uf4_bs_triplet,ADIIS,155,-451.26008100244167,2.0101640529901488e-06,2.694071163512685e-05
uf4_bs_triplet,ADIIS,156,-451.260080745757,2.5668464331829455e-07,4.327766372251745e-05
uf4_bs_triplet,ADIIS,157,-451.26008382918155,3.083424530814227e-06,1.6826396510966572e-05
uf4_bs_triplet,ADIIS,158,-451.2600849544873,1.1253057436988456e-06,1.1015748309475996e-05
uf4_bs_triplet,ADIIS,159,-451.2600861331696,1.178682282443333e-06,1.656396485901721e-05
uf4_bs_triplet,ADIIS,160,-451.26008634090874,2.0773916276084492e-07,3.2501725611450536e-05
uf4_bs_triplet,ADIIS,161,-451.2600874742311,1.1333223710607854e-06,2.788152199891609e-05
uf4_bs_triplet,ADIIS,162,-451.2600890540058,1.5797746755197295e-06,1.9815845570228927e-05
uf4_bs_triplet,ADIIS,163,-451.26008849182335,5.621824357149308e-07,4.002749664644759e-05
uf4_bs_triplet,ADIIS,164,-451.2600910307191,2.538895728321222e-06,1.306018086955012e-05
uf4_bs_triplet,ADIIS,165,-451.26009156941666,5.386975772125879e-07,2.410671940702037e-05
uf4_bs_triplet,ADIIS,166,-451.26008971437363,1.8550430240793503e-06,5.1216887246537144e-05
uf4_bs_triplet,ADIIS,167,-451.26009374772934,4.033355708088493e-06,7.687158432813546e-06
uf4_bs_triplet,ADIIS,168,-451.2600947953018,1.0475724820935284e-06,7.593521444919827e-06
uf4_bs_triplet,ADIIS,169,-451.2600958052983,1.0099964811161044e-06,7.7038999204126e-06
uf4_bs_triplet,ADIIS,170,-451.260096765253,9.599547183825052e-07,8.607404757669248e-06
uf4_bs_triplet,ADIIS,171,-451.2600976014935,8.362404742001672e-07,1.2496714027454498e-05
uf4_bs_triplet,ADIIS,172,-451.260097633682,3.218849542463431e-08,1.821580446121797e-05
uf4_bs_triplet,ADIIS,173,-451.26009838140715,7.477251529053319e-07,1.3177241486808273e-05
uf4_bs_triplet,ADIIS,174,-451.26009805826686,3.231402843084652e-07,1.755723970916391e-05
uf4_bs_triplet,ADIIS,175,-451.2600993433042,1.2850373423134442e-06,1.0637720302347407e-05
uf4_bs_triplet,ADIIS,176,-451.26009987043847,5.271342615742469e-07,1.899357724978712e-05
uf4_bs_triplet,ADIIS,177,-451.2600989489956,9.214428473569569e-07,4.0001117540700214e-05
uf4_bs_triplet,ADIIS,178,-451.26010146367446,2.51467884027079e-06,7.613441762656909e-06
uf4_bs_triplet,ADIIS,179,-451.26010224092363,7.772491699142847e-07,1.0170776871692889e-05
uf4_bs_triplet,ADIIS,180,-451.2601027391805,4.982568952982547e-07,1.8118576589719565e-05
uf4_bs_triplet,ADIIS,181,-451.2601019254349,8.137456006807042e-07,3.811740234402751e-05
uf4_bs_triplet,ADIIS,182,-451.26010421410535,2.2886704300617566e-06,7.505883004675065e-06
uf4_bs_triplet,ADIIS,183,-451.2601034329763,7.81129074312048e-07,2.588403490613396e-05
uf4_bs_triplet,ADIIS,184,-451.2601049291761,1.4961998431317625e-06,1.0404934854587882e-05
uf4_bs_triplet,ADIIS,185,-451.2601053329678,4.037916596644209e-07,1.9079055958438283e-05
uf4_bs_triplet,ADIIS,186,-451.2601053330244,5.661604518536478e-11,1.9078214644044684e-05
uf4_bs_triplet,ADIIS,187,-451.26010425180345,1.0812209438881837e-06,4.051147268217322e-05
uf4_bs_triplet,ADIIS,188,-451.260106801809,2.5500055471638916e-06,6.436625118971388e-06
uf4_bs_triplet,ADIIS,189,-451.2601075439685,7.421595000778325e-07,6.643547468166149e-06
uf4_bs_triplet,ADIIS,190,-451.2601082553733,7.114048230505432e-07,7.710570293705412e-06
uf4_bs_triplet,ADIIS,191,-451.26010886248207,6.071087454984081e-07,1.1819988065490943e-05
uf4_bs_triplet,ADIIS,192,-451.26010900131985,1.3883777683076914e-07,2.310567349918613e-05
uf4_bs_triplet,ADIIS,193,-451.260109509312,5.079921265860321e-07,2.1825693662693896e-05
uf4_bs_triplet,ADIIS,194,-451.2601106330493,1.1237373200856382e-06,6.0968599114132724e-06
uf4_bs_triplet,ADIIS,195,-451.26011132025667,6.872073754493613e-07,6.056275471712465e-06
uf4_bs_triplet,ADIIS,196,-451.2601107417763,5.784803533970262e-07,2.084835539185184e-05
uf4_bs_triplet,ADIIS,197,-451.26011043449,3.072863137276727e-07,3.054828040462336e-05
uf4_bs_triplet,ADIIS,198,-451.2601119976167,1.5631267160642892e-06,6.025554468679466e-06
uf4_bs_triplet,ADIIS,199,-451.2601126621273,6.645105941061047e-07,6.101114148106436e-06
uf4_bs_triplet,ADIIS,200,-451.26011330833705,6.462097417170298e-07,6.597703585801253e-06
uf4_bs_triplet,ADIIS,201,-451.2601139043271,5.959900590823963e-07,8.83391954571451e-06
uf4_bs_triplet,ADIIS,202,-451.2601142925188,3.8819166547909845e-07,1.575090468792282e-05
uf4_bs_triplet,ADIIS,203,-451.26011369211017,6.004086117172847e-07,3.312388091188888e-05
uf4_bs_triplet,ADIIS,204,-451.260114794929,1.1028188282580231e-06,9.442325680789773e-06
uf4_bs_triplet,ADIIS,205,-451.26011466278953,1.3213946203904925e-07,1.6191251834259617e-05
uf4_bs_triplet,ADIIS,206,-451.2601155350054,8.722158781893086e-07,6.047613298433296e-06
uf4_bs_triplet,ADIIS,207,-451.26011612531477,5.903093551751226e-07,7.084896097815243e-06
uf4_bs_triplet,ADIIS,208,-451.2601166235477,4.982329073754954e-07,1.1007523159585189e-05
uf4_bs_triplet,ADIIS,209,-451.2601167072536,8.370591331186006e-08,2.1681681737700456e-05
uf4_bs_triplet,ADIIS,210,-451.2601173892373,6.819836926297285e-07,1.4191479697012291e-05
uf4_bs_triplet,ADIIS,211,-451.260117520323,1.310856987402076e-07,6.894821161954977e-06
uf4_bs_triplet,ADIIS,212,-451.2601181437217,6.23398705101863e-07,5.672750345588695e-06
uf4_bs_triplet,ADIIS,213,-451.2601187002805,5.565588026001933e-07,6.233925170378634e-06
uf4_bs_triplet,ADIIS,214,-451.26011920618214,5.05901653014007e-07,8.54811529085785e-06
uf4_bs_triplet,ADIIS,215,-451.26011950180543,2.956232947326498e-07,1.5699921451963204e-05
uf4_bs_triplet,ADIIS,216,-451.26011880146405,7.003413884376641e-07,3.314442379692988e-05
uf4_bs_triplet,ADIIS,217,-451.2601200742903,1.2728262390737655e-06,6.121482033461739e-06
uf4_bs_triplet,ADIIS,218,-451.2601205533259,4.790356342709856e-07,8.54693716905905e-06
uf4_bs_triplet,ADIIS,219,-451.2601209243801,3.710541705004289e-07,5.4952997384019165e-06
uf4_bs_triplet,ADIIS,220,-451.2601214240872,4.997070846002316e-07,6.296756718084361e-06
uf4_bs_triplet,ADIIS,221,-451.26012185543243,4.313452564019826e-07,9.467114250374578e-06
uf4_bs_triplet,ADIIS,222,-451.26012199048625,1.3505382412404288e-07,1.8331468874729056e-05
uf4_bs_triplet,ADIIS,223,-451.26012256670094,5.762146884080721e-07,6.044417532159678e-06
uf4_bs_triplet,ADIIS,224,-451.26012247266624,9.403470357938204e-08,1.3353163929024371e-05
uf4_bs_triplet,ADIIS,225,-451.2601229855436,5.128773636897677e-07,8.832434526164354e-06
uf4_bs_triplet,ADIIS,226,-451.2601231524885,1.6694491478119744e-07,1.694874151349691e-05
uf4_bs_triplet,ADIIS,227,-451.26012330118,1.486914698034525e-07,1.2368034700188733e-05
uf4_bs_triplet,ADIIS,228,-451.26012303247774,2.6870225156017113e-07,2.5591427155763878e-05
uf4_bs_triplet,ADIIS,229,-451.2601241202327,1.0877549811993958e-06,7.702351484070861e-06
uf4_bs_triplet,ADIIS,230,-451.2601243632149,2.429821961413836e-07,1.4052322333090558e-05
uf4_bs_triplet,ADIIS,231,-451.260123800831,5.623838887913735e-07,2.9779765936843217e-05
uf4_bs_triplet,ADIIS,232,-451.26012518511754,1.3842865200786036e-06,4.9110136567532415e-06
uf4_bs_triplet,ADIIS,233,-451.2601255959013,4.1078374124481343e-07,5.4914555284674075e-06
uf4_bs_triplet,ADIIS,234,-451.26012595930433,3.634030463217641e-07,7.838399103643204e-06
uf4_bs_triplet,ADIIS,235,-451.26012612945203,1.701477003734908e-07,1.4827854398177093e-05
uf4_bs_triplet,ADIIS,236,-451.26012573015237,3.992996653323644e-07,2.713593913122626e-05
uf4_bs_triplet,ADIIS,237,-451.260125396043,3.341093588460353e-07,3.0591306454057286e-05
uf4_bs_triplet,ADIIS,238,-451.2601265710374,1.1749943951144814e-06,5.073796920571054e-06
uf4_bs_triplet,ADIIS,239,-451.2601269265367,3.5549930998968193e-07,6.762426076237141e-06
uf4_bs_triplet,ADIIS,240,-451.2601271558076,2.292708813911304e-07,1.2057040554875921e-05
uf4_bs_triplet,ADIIS,241,-451.2601268010013,3.5480627502693096e-07,2.5358029945845913e-05
uf4_bs_triplet,ADIIS,242,-451.2601278141934,1.0131921044376213e-06,5.200866179616661e-06
uf4_bs_triplet,ADIIS,243,-451.260128118122,3.0392857297556475e-07,7.708671166620437e-06
uf4_bs_triplet,ADIIS,244,-451.2601282259192,1.0779717740660999e-07,1.4827365164097228e-05
uf4_bs_triplet,ADIIS,245,-451.2601285678088,3.4188963127235183e-07,1.0018523473272773e-05
uf4_bs_triplet,ADIIS,246,-451.26012878052177,2.1271296191116562e-07,1.266213466141901e-05
uf4_bs_triplet,ADIIS,247,-451.26012866891995,1.1160182111780159e-07,2.0747301066848606e-05
uf4_bs_triplet,ADIIS,248,-451.26012913473323,4.6581328660977306e-07,1.1822059770226442e-05
uf4_bs_triplet,ADIIS,249,-451.26012940173507,2.670018375283689e-07,4.193217966700185e-06
uf4_bs_triplet,LCIIS,0,-451.2012975344537,,0.00321425659338412
uf4_bs_triplet,LCIIS,1,-451.2221794595498,0.020881925096091436,0.0016350909276668538
uf4_bs_triplet,LCIIS,2,-451.22793448872346,0.005755029173656112,0.0006710955393954663
uf4_bs_triplet,LCIIS,3,-451.23025822695865,0.002323738235190831,0.00022739316266031693
uf4_bs_triplet,LCIIS,4,-451.2304515427737,0.00019331581506776274,0.0002127413290584488
uf4_bs_triplet,LCIIS,5,-451.23071367639477,0.00026213362104954285,0.00011117908143080867
uf4_bs_triplet,LCIIS,6,-451.23096179362255,0.0002481172277839505,0.0001185946649732455
uf4_bs_triplet,LCIIS,7,-451.23005883595977,0.0009029576627881397,9.345142751042387e-05
uf4_bs_triplet,LCIIS,8,-451.2296910216968,0.00036781426297238795,7.280031814504866e-05
uf4_bs_triplet,LCIIS,9,-451.2295594804601,0.00013154123666936357,4.78012361082221e-05
uf4_bs_triplet,LCIIS,10,-451.2295607132869,1.2328267757766298e-06,2.8476552979379433e-05
uf4_bs_triplet,LCIIS,11,-451.2295832637343,2.255044739740697e-05,2.0334791275035856e-05
uf4_bs_triplet,LCIIS,12,-451.22959801435024,1.4750615946468315e-05,1.4306981095148422e-05
uf4_bs_triplet,LCIIS,13,-451.22961305917636,1.5044826113808085e-05,4.624690916434311e-06
uf4_bs_triplet,LCIIS,14,-451.2296131941823,1.3500596196536208e-07,2.253074248685453e-06
uf4_bs_triplet,LCIIS,15,-451.2296132065653,1.2382997738313861e-08,1.6631530447770296e-06
uf4_bs_triplet,LCIIS,16,-451.22961321459024,8.024926501093432e-09,2.2818826991004786e-07
uf4_bs_triplet,LCIIS,17,-451.2296132141813,4.0893155528465286e-10,9.490426771902273e-08
uf4_bs_triplet,LCIIS,18,-451.22961321410605,7.526068657170981e-11,6.836133614215763e-08
