molecule,label,energy,cycles,converged,status,error_message
uf4,CDIIS,-451.2187381039033,36,True,ok,
uf4,EDIIS,-430.57926777222167,250,False,ok,
uf4,ADIIS,-451.21862216202237,250,False,ok,
uf4,LCIIS,-451.1791089655013,11,True,ok,
uf4_bs_triplet,CDIIS,-451.22961321409457,19,True,ok,
uf4_bs_triplet,EDIIS,-451.25673577808334,250,False,ok,
uf4_bs_triplet,ADIIS,-451.26012940173507,250,False,ok,
uf4_bs_triplet,LCIIS,-451.2296132141921,19,True,ok,
uf4,CDIIS,-451.2187381039033,36,True,ok,
uf4,EDIISCDIIS,-443.2321914529317,250,False,ok,
uf4,LCIIS,-451.1791089655013,11,True,ok,
uf4,CDIIS,-451.2187381039033,36,True,ok,
uf4,EDIISCDIIS,-451.17739916618075,43,True,ok,
uf4,LCIIS,-451.1791089655013,11,True,ok,
uf4,CDIIS,-347.77540827883513,250,False,ok,
uf4,EDIISCDIIS,-451.17739916618075,43,True,ok,
uf4,LCIIS,-451.1773991661818,36,True,ok,
cdim2,CDIIS,-5667.00872479284,18,True,ok,
cdim2,EDIISCDIIS,-5667.008724792837,33,True,ok,
cdim2,LCIIS,-5667.0087247928495,19,True,ok,
sih4,CDIIS,-290.4582219307276,25,True,ok,
sih4,EDIISCDIIS,-290.4582219314059,40,True,ok,
sih4,LCIIS,-290.4582219313877,14,True,ok,
crc,CDIIS,-1082.1139772262552,13,True,ok,
crc,EDIISCDIIS,-1082.1139772261429,16,True,ok,
crc,LCIIS,-1082.1139772262552,13,True,ok,
ru4co,CDIIS,-488.7047772390275,89,True,ok,
ru4co,EDIISCDIIS,-431.1834386910683,250,False,ok,
ru4co,LCIIS,-488.7047772389817,29,True,ok,
uf4_bs_triplet,CDIIS,-451.22961321422815,21,True,ok,
uf4_bs_triplet,EDIISCDIIS,-451.22961321427624,21,True,ok,
uf4_bs_triplet,LCIIS,-451.22961321424464,19,True,ok,
ru4co_bs_triplet,CDIIS,-488.74073919639613,45,True,ok,
ru4co_bs_triplet,EDIISCDIIS,-488.7407391964732,55,True,ok,
ru4co_bs_triplet,LCIIS,-488.7407391964497,44,True,ok,
uf4,CDIIS,-342.8272245375292,250,False,ok,
uf4,EDIISCDIIS,-451.2295239532947,54,True,ok,
uf4,LCIIS,-451.1901255824504,25,True,ok,
uf4,CDIIS,-347.77540827883513,250,False,ok,
uf4,EDIISCDIIS,-451.2183519870845,42,True,ok,
uf4,LCIIS,-451.1773991661818,36,True,ok,
cdim2,CDIIS,-5667.00872479284,18,True,ok,
cdim2,EDIISCDIIS,-5667.008724792831,22,True,ok,
cdim2,LCIIS,-5667.0087247928495,19,True,ok,
uf4_bs_triplet,CDIIS,-451.2594375458915,33,True,ok,
uf4_bs_triplet,EDIISCDIIS,-451.2594375458781,33,True,ok,
uf4_bs_triplet,LCIIS,-451.25943754589514,32,True,ok,
ch3cho,CDIIS,-152.9149016269934,16,True,ok,
ch3cho,EDIISCDIIS,-152.9149016269945,16,True,ok,
ch3cho,LCIIS,-152.91490162699353,16,True,ok,
ch3cho,CDIIS,-152.9149016269863,15,True,ok,
ch3cho,EDIISCDIIS,-152.91490162697926,15,True,ok,
ch3cho,LCIIS,-152.91490162698688,15,True,ok,
uf4_bs_triplet,CDIIS,-451.2594375458939,33,True,ok,
uf4_bs_triplet,EDIISCDIIS,-451.2594375458966,33,True,ok,
uf4_bs_triplet,LCIIS,-451.25943754588627,30,True,ok,
ru4co,CDIIS,-488.71067522369026,31,True,ok,
ru4co,EDIISCDIIS,-488.7106752237961,214,True,ok,
ru4co,LCIIS,-488.710675223865,25,True,ok,
ru4co_bs_triplet,CDIIS,-488.7353450604835,33,True,ok,
ru4co_bs_triplet,EDIISCDIIS,-488.73534506047486,33,True,ok,
ru4co_bs_triplet,LCIIS,-488.7353450604837,32,True,ok,
uf4,CDIIS,-451.20156530323845,37,True,ok,
uf4,EDIISCDIIS,-451.17910896558453,31,True,ok,
uf4,LCIIS,-451.1791089655002,12,True,ok,
uf4,CDIIS,-451.20156528676046,73,True,ok,
uf4,EDIISCDIIS,-451.17910896550245,31,True,ok,
uf4,LCIIS,-451.179108965502,12,True,ok,
cdim2,CDIIS,-5667.008724792831,23,True,ok,
cdim2,EDIISCDIIS,-5667.008724792848,29,True,ok,
cdim2,LCIIS,-5667.008724792821,21,True,ok,
cr2,CDIIS,-2085.4949792053217,12,True,ok,
cr2,EDIISCDIIS,-2085.494979205322,12,True,ok,
cr2,LCIIS,-2085.494979205323,12,True,ok,
cr2,CDIIS,-2085.501480843742,12,True,ok,
cr2,EDIISCDIIS,-2085.5014808437395,12,True,ok,
cr2,LCIIS,-2085.501480843738,12,True,ok,
n-methyl-2-nitrovinylamine,CDIIS,-375.5625275599177,14,True,ok,
n-methyl-2-nitrovinylamine,EDIISCDIIS,-375.5625275599165,13,True,ok,
n-methyl-2-nitrovinylamine,LCIIS,-375.56252755991943,14,True,ok,
cr2,CDIIS,-2085.501480843742,12,True,ok,
cr2,EDIISCDIIS,-2085.5014808437395,12,True,ok,
cr2,LCIIS,-2085.501480843738,12,True,ok,
cr2,CDIIS,-2085.5014808437413,15,True,ok,
cr2,EDIISCDIIS,-2085.50148084374,15,True,ok,
cr2,LCIIS,-2085.50148084374,15,True,ok,
n-methyl-2-nitrovinylamine,CDIIS,-375.56599517501246,14,True,ok,
n-methyl-2-nitrovinylamine,EDIISCDIIS,-375.5659951750112,14,True,ok,
n-methyl-2-nitrovinylamine,LCIIS,-375.5659951750111,14,True,ok,
cr2,CDIIS,-2085.501480843742,12,True,ok,
cr2,EDIISCDIIS,-2085.5014808437395,12,True,ok,
cr2,LCIIS,-2085.501480843738,12,True,ok,
ru4co_bs_triplet,CDIIS,-488.73534505746863,44,False,ok,
ru4co_bs_triplet,EDIISCDIIS,-488.73534506002,59,True,ok,
ru4co_bs_triplet,LCIIS,-488.73534506036106,58,True,ok,
ru4co_bs_triplet,CDIIS,-488.73534505746863,44,False,ok,
ru4co_bs_triplet,EDIISCDIIS,-488.73534506002,59,True,ok,
ru4co_bs_triplet,LCIIS,,17,False,failed,"UnboundLocalError(""cannot access local variable 'final_energy' where it is not associated with a value"")"
uf4,CDIIS,,68,False,failed,"UnboundLocalError(""cannot access local variable 'final_energy' where it is not associated with a value"")"
uf4,EDIISCDIIS,-451.17910896550245,31,True,ok,
uf4,LCIIS,,9,False,failed,"UnboundLocalError(""cannot access local variable 'final_energy' where it is not associated with a value"")"
uf4,CDIIS,-451.20156528676046,73,True,ok,
uf4,EDIISCDIIS,-451.17910896550245,31,True,ok,
uf4,LCIIS,-451.179108965502,12,True,ok,
crc,CDIIS,-1082.1105812405692,18,True,ok,
crc,EDIISCDIIS,-1082.1105812406483,26,True,ok,
crc,LCIIS,-1082.1105812405956,13,True,ok,
crc,CDIIS,-1082.1105812405692,18,True,ok,
crc,EDIISCDIIS,-1082.1105812406483,26,True,ok,
crc,LCIIS,-1082.1105812405956,13,True,ok,
crc,CDIIS,-1082.1105812405692,18,True,ok,
crc,EDIISCDIIS,-1082.1105812406483,26,True,ok,
crc,LCIIS,-1082.1105812405956,13,True,ok,
cdim2,CDIIS,-5667.008724792831,23,True,ok,
cdim2,EDIISCDIIS,-5667.008724792848,29,True,ok,
cdim2,LCIIS,-5667.008724792821,21,True,ok,
cn_plus,CDIIS,-91.62024695614531,11,True,ok,
cn_plus,EDIISCDIIS,-91.62024695614508,11,True,ok,
cn_plus,LCIIS,-91.62024695614573,11,True,ok,
cn_plus,CDIIS,-92.1672063858997,10,True,ok,
cn_plus,EDIISCDIIS,-92.16720638590772,15,True,ok,
cn_plus,LCIIS,-92.16720638590759,10,True,ok,
cn_plus,CDIIS,-91.62410041952998,11,True,ok,
cn_plus,EDIISCDIIS,-91.62410041952968,11,True,ok,
cn_plus,LCIIS,-91.62410041953049,11,True,ok,
n-methyl-2-nitrovinylamine,CDIIS,-375.56599517500405,15,True,ok,
n-methyl-2-nitrovinylamine,EDIISCDIIS,-375.5659951750013,16,True,ok,
n-methyl-2-nitrovinylamine,LCIIS,-375.5659951750036,15,True,ok,
cdim2,CDIIS,-5667.008724792774,24,True,ok,
cdim2,EDIISCDIIS,-5667.0087247928,25,True,ok,
cdim2,LCIIS,-5667.008724792786,23,True,ok,
cdim2,CDIIS,-5667.00872479284,36,True,ok,
cdim2,EDIISCDIIS,-5667.008724792833,30,True,ok,
cdim2,LCIIS,-5667.008724792861,20,True,ok,
01-Acetamide-173,CDIIS,-209.0373188576296,11,True,ok,
01-Acetamide-173,AIDIIS,-209.03731885762818,11,True,ok,
02-Adenine-185,CDIIS,-466.9292220307242,13,True,ok,
02-Adenine-185,AIDIIS,-466.9292220307011,13,True,ok,
03-Anthracene-8111,CDIIS,-539.1061590657997,11,True,ok,
03-Anthracene-8111,AIDIIS,-539.1061590657647,13,True,ok,
04-Azulene-8876,CDIIS,-385.5278585865571,12,True,ok,
04-Azulene-8876,AIDIIS,-385.5278585864302,16,True,ok,
05-Benzene-236,CDIIS,-232.06219019089926,9,True,ok,
05-Benzene-236,AIDIIS,-232.06219019089852,9,True,ok,
06-C5_67034357,CDIIS,-185.61306115871355,19,True,ok,
06-C5_67034357,AIDIIS,-185.6130611586658,15,True,ok,
07-Formyl-HCHO-692,CDIIS,-114.39125517737612,9,True,ok,
07-Formyl-HCHO-692,AIDIIS,-114.39125517737553,9,True,ok,
08-Thioformaldehyde-HCHS-71446,CDIIS,-437.30063795071044,10,True,ok,
08-Thioformaldehyde-HCHS-71446,AIDIIS,-437.30063795070134,9,True,ok,
09-Coumarin153_65513,CDIIS,-1122.0137504782954,14,True,ok,
09-Coumarin153_65513,AIDIIS,-1122.0137504782595,14,True,ok,
10-DMABN-64128,CDIIS,-458.07853407256493,13,True,ok,
10-DMABN-64128,AIDIIS,-458.07853407254106,13,True,ok,
11-Hexatriene-4518927,CDIIS,-233.15692691297843,10,True,ok,
11-Hexatriene-4518927,AIDIIS,-233.15692691292426,10,True,ok,
12-Naphthalene-906,CDIIS,-385.5878344370764,10,True,ok,
12-Naphthalene-906,AIDIIS,-385.58783443698604,14,True,ok,
13-Norbonadiene-8160,CDIIS,-271.2348443313517,10,True,ok,
13-Norbonadiene-8160,AIDIIS,-271.2348443313307,10,True,ok,
14-Ozone-23208,CDIIS,-225.21785790796608,10,True,ok,
14-Ozone-23208,AIDIIS,-225.21785790795397,9,True,ok,
15-Octatetraene-4575894,CDIIS,-310.488308121921,11,True,ok,
15-Octatetraene-4575894,AIDIIS,-310.4883081218803,11,True,ok,
16-Tetraphosphorus-109894,CDIIS,-1364.6202751864757,8,True,ok,
16-Tetraphosphorus-109894,AIDIIS,-1364.6202751864812,9,True,ok,
17-Perylene-8788,CDIIS,-768.8055652924425,12,True,ok,
17-Perylene-8788,AIDIIS,-768.8055652922851,16,True,ok,
18-Porphyrin-10447586,CDIIS,-988.7024328750088,14,True,ok,
18-Porphyrin-10447586,AIDIIS,-988.70243287478,18,True,ok,
19-Trans-Azobenzene-2185,CDIIS,-572.2883381108215,13,True,ok,
19-Trans-Azobenzene-2185,AIDIIS,-572.2883381107438,13,True,ok,
20-Tetrazine-10639933,CDIIS,-296.0564172992315,11,True,ok,
20-Tetrazine-10639933,AIDIIS,-296.05641729920194,11,True,ok,
21-Uracil-1141,CDIIS,-414.45976161884306,13,True,ok,
21-Uracil-1141,AIDIIS,-414.45976161880566,13,True,ok,
